,郵遞區號,電腦局號,局名,電腦局名,局址,郵務電話,儲匯電話
,100003,000100-6000500-8,"臺北北門郵局
臺北北門郵局",臺北901支,臺北市中正區忠孝西路一段120號1樓,(02)2361-5752,(02)2381-3135
,100016,000101-0,"臺北東門郵局
臺北東門郵局",臺北1支,臺北市中正區信義路二段163號,(02)2394-7576,(02)2321-4679
,108207,000102-3,"臺北漢中街郵局
臺北漢中街郵局",臺北2支,臺北市萬華區漢中街173號,(02)2361-6809,(02)2331-4069
,108010,000103-7,"臺北西園郵局
臺北西園郵局",臺北3支,臺北市萬華區長沙街二段156、158、160、162號,(02)2331-4524,
,100056,000105-4,"臺北南海郵局
臺北南海郵局",臺北5支,臺北市中正區重慶南路二段43號(郵政博物館1樓),(02)2396-3142,(02)2321-4189
,100053,000106-8,"臺北螢橋郵局
臺北螢橋郵局",臺北6支,臺北市中正區廈門街76號,(02)2368-4714,(02)2367-0905
,106203,000107-1,"臺北青田郵局
臺北青田郵局",臺北7支,臺北市大安區和平東路一段155號,(02)2321-4288,(02)2321-8001
,100009,000108-5,"臺北復興橋郵局
臺北復興橋郵局",臺北8支,臺北市中正區忠孝西路一段1號,(02)2311-4421,
,104202,000109-9,"臺北中山郵局
臺北中山郵局",臺北9支,臺北市中山區中山北路一段142號,(02)2542-6403,(02)2542-5934
,103210,000110-1,"臺北迪化街郵局
臺北迪化街郵局",臺北10支,臺北市大同區迪化街一段38號,(02)2556-0519,(02)2556-0631
,103211,000111-4,"臺北圓環郵局
臺北圓環郵局",臺北11支,臺北市大同區重慶北路二段15號,(02)2556-1703,(02)2559-2168
,100211,000112-8,"行政院郵局
行政院郵局",臺北12支,臺北市中正區北平東路2號(行政院內),(02)2321-4874,
,100046,000113-1,"臺北公館郵局
臺北公館郵局",臺北13支,臺北市中正區羅斯福路四段74號(B1),(02)2365-9518,(02)2368-8574
,100006,000114-5,"國史館郵局
國史館郵局",臺北14支,臺北市中正區博愛路168號之1(國史館1樓),(02)2331-0962,(02)2311-7879
,100004,000115-9,"總統府郵局
總統府郵局",臺北15支,臺北市中正區重慶南路一段122號(總統府內),(02)2311-0859,
,104218,000117-6,"臺北雙連郵局
臺北雙連郵局",臺北17支,臺北市中山區中山北路二段96號,(02)2541-4332,(02)2523-6846
,105047,000118-0,"臺北松山郵局
臺北松山郵局",臺北18支,臺北市松山區八德路四段626號,(02)2767-4928,(02)8787-9193
,100205,000120-5,"臺北法院郵局
臺北法院郵局",臺北20支,臺北市中正區博愛路127號(司法大廈內),(02)2331-4925,(02)2311-3025
,103221,000121-9,"臺北臺北橋郵局
臺北臺北橋郵局",臺北21支,臺北市大同區民權西路246號,(02)2557-8538,(02)2550-2821
,106209,000122-2,"臺北師大郵局
臺北師大郵局",臺北22支,臺北市大安區和平東路一段162號(師範大學內，師範大學與師大路皆可進出),(02)2363-5053,
,106216,000123-6,"臺大郵局
臺大郵局",臺北23支,臺北市大安區羅斯福路四段1號(台灣大學內),(02)2363-3435,
,106240,000124-0,"臺北仁愛路郵局
臺北仁愛路郵局",臺北24支,臺北市大安區仁愛路三段47號,(02)2771-1497,(02)2752-4551
,100222,000125-3000506-0,"立法院郵局
立法院郵局",臺北25支,臺北市中正區濟南路一段1號(立法院旁),(02)2391-7844,(02)2321-9814
,106096,000126-7,"臺北信維郵局
臺北信維郵局",臺北26支,臺北市大安區信義路四段101號,(02)2707-7130,(02)2708-3670
,104282,000127-1,"臺北建北郵局
臺北建北郵局",臺北27支,臺北市中山區建國北路二段33號,(02)2502-0944,(02)2504-1943
,111011,000128-4000507-3,"士林郵局
士林郵局",臺北28支,臺北市士林區文林路162號,(02)2881-8743,(02)2881-2535
,116052,000129-8,"文山景美郵局
文山景美郵局",臺北29支,臺北市文山區羅斯福路六段389號,(02)2931-2010,(02)2932-3411
,100037,000130-0,"臺北古亭郵局
臺北古亭郵局",臺北30支,臺北市中正區南昌路二段232號,(02)2367-2165,(02)2368-2923
,108240,000131-3,"臺北東園郵局
臺北東園郵局",臺北31支,臺北市萬華區東園街148、150號,(02)2309-9202,(02)2303-8013
,106236,000132-7,"臺北光華郵局
臺北光華郵局",臺北32支,臺北市大安區新生北路一段7之2號,(02)2741-0600,(02)2731-5570
,100007,000133-1,"臺北南陽郵局
臺北南陽郵局",臺北33支,臺北市中正區信陽街8號,(02)2361-3711,(02)2375-4227
,104102,000134-4,"臺北中崙郵局
臺北中崙郵局",臺北34支,臺北市中山區復興北路40號,(02)2771-1401,(02)2772-5405
,108228,000135-8000508-7,"臺北莒光郵局
臺北莒光郵局",臺北35支,臺北市萬華區莒光路210號,(02)2302-4644,(02)2302-4649
,105407,000136-1000509-1,"臺北光復郵局
臺北光復郵局",臺北36支,臺北市松山區八德路三段240號,(02)2570-1157,(02)2578-6944
,104244,000137-5,"臺北大直郵局
臺北大直郵局",臺北37支,臺北市中山區北安路518巷14弄18、20號,(02)2533-4543,
,111064,000142-1,"士林社子郵局
士林社子郵局",臺北42支,臺北市士林區延平北路五段150號,(02)2812-2884,(02)2812-1072
,106231,000143-5,"臺北三張犁郵局
臺北三張犁郵局",臺北43支,臺北市大安區信義路四段337號,(02)2709-6837,(02)2701-5196
,106247,000144-9000510-2,"臺北成功郵局
臺北成功郵局",臺北44支,臺北市大安區四維路198巷38弄12號,(02)2704-3862,(02)2708-1087
,105008,000145-2,"松山機場郵局
松山機場郵局",臺北45支,臺北市松山區敦化北路340-9號(松山機場內 ),(02)2713-3365,
,104297,000146-6,"臺北長安郵局
臺北長安郵局",臺北46支,臺北市中山區長安東路二段97號,(02)2506-8771,(02)2515-0399
,103247,000147-0,"臺北大同郵局
臺北大同郵局",臺北47支,臺北市大同區承德路三段83號,(02)2597-4508,(02)2594-1868
,105063,000148-3,"臺北西松郵局
臺北西松郵局",臺北48支,臺北市松山區南京東路五段311號,(02)2769-7535,(02)2768-2358
,110204,000149-7,"臺北市府郵局
臺北市府郵局",臺北49支,臺北市信義區市府路1號地下2樓(台北市政府內),(02)2720-0690,(02)2720-9930
,103250,000150-9,"臺北大龍峒郵局
臺北大龍峒郵局",臺北50支,臺北市大同區重慶北路三段338號,(02)2597-5098,(02)2586-0105
,110210,000151-2,"臺北松德郵局
臺北松德郵局",臺北51支,臺北市信義區松德路300號(臺北市政府松德辦公大樓1樓),(02)2727-3686,(02)2726-3738
,111029,000152-6,"士林天母郵局
士林天母郵局",臺北52支,臺北市士林區中山北路七段130號,(02)2871-8271,(02)2873-5072
,106233,000153-0,"臺北光武郵局
臺北光武郵局",臺北53支,臺北市大安區大安路一段52巷16號,(02)2781-6693,(02)2721-1634
,110017,000154-3,"臺北吳興郵局
臺北吳興郵局",臺北54支,臺北市信義區莊敬路418號之1,(02)2720-0060,(02)2722-3543
,104223,000155-7000511-6,"臺北松江路郵局
臺北松江路郵局",臺北55支,臺北市中山區松江路366號,(02)2521-6681,(02)2561-8954
,105015,000156-1,"臺北延壽郵局
臺北延壽郵局",臺北56支,臺北市松山區民生東路五段12號,(02)2756-7232,(02)2768-3079
,106224,000157-4,"臺北六張犁郵局
臺北六張犁郵局",臺北57支,臺北市大安區和平東路三段208號,(02)2733-5532,(02)2733-0262
,100213,000158-8,"臺北小南門郵局
臺北小南門郵局",臺北58支,臺北市中正區廣州街15號(內政部移民署地下1樓),(02)2375-9856,
,111001,000159-1,"故宮郵局
故宮郵局",臺北59支,臺北市士林區至善路二段221號(故宮博物院內),(02)2881-8410,
,103261,000161-7,"臺北保安郵局
臺北保安郵局",臺北61支,臺北市大同區重慶北路二段183號,(02)2553-9692,
,100230,000164-8,"臺北火車站郵局
臺北火車站郵局",臺北64支,臺北市中正區北平西路3號(台北火車站內),(02)2311-4239,
,104231,000165-1,"臺北圓山郵局
臺北圓山郵局",臺北65支,臺北市中山區林森北路573號,(02)2592-1606,
,104288,000167-9,"臺北長春路郵局
臺北長春路郵局",臺北67支,臺北市中山區長春路129號之2,(02)2521-6967,(02)2537-3821
,104226,000168-2,"臺北民權郵局
臺北民權郵局",臺北68支,臺北市中山區民權西路22號,(02)2571-6241,(02)2563-8027
,108212,000170-8,"臺北老松郵局
臺北老松郵局",臺北70支,臺北市萬華區桂林路51號,(02)2389-4549,
,100048,000171-1,"臺北汀州郵局
臺北汀州郵局",臺北71支,臺北市中正區汀州路三段301號,(02)2363-7009,
,100062,000172-5,"臺北龍口郵局
臺北龍口郵局",臺北72支,臺北市中正區和平西路二段68號,(02)2309-9158,(02)2303-4060
,111010,000173-9,"士林中正路郵局
士林中正路郵局",臺北73支,臺北市士林區中正路420號,(02)8866-6045,(02)8866-6047
,108245,000174-2,"臺北萬大路郵局
臺北萬大路郵局",臺北74支,臺北市萬華區萬大路524號,(02)2301-2793,(02)2309-7442
,116071,000175-6,"文山興隆路郵局
文山興隆路郵局",臺北75支,臺北市文山區興隆路二段171號,(02)2935-7813,(02)2931-8476
,111063,000177-3,"士林後港郵局
士林後港郵局",臺北77支,臺北市士林區福港街149巷2號,(02)2883-7486,(02)2881-3600
,110068,000178-7,"臺北永吉郵局
臺北永吉郵局",臺北78支,臺北市信義區永吉路168號1樓,(02)2768-4410,(02)2762-0461
,108022,000179-1,"臺北華江橋郵局
臺北華江橋郵局",臺北79支,臺北市萬華區和平西路三段310號,(02)2302-0953,(02)2306-4473
,110054,000180-2,"臺北逸仙郵局
臺北逸仙郵局",臺北80支,臺北市信義區逸仙路46號,(02)2729-0135,(02)2720-8917
,105039,000181-6,"臺北體育場郵局
臺北體育場郵局",臺北81支,臺北市松山區儲匯：南京東路三段346號  郵務：南京東路三段346號後棟,(02)2752-5760,(02)2781-9214
,106238,000182-0,"臺北正義郵局
臺北正義郵局",臺北82支,臺北市大安區忠孝東路三段150、152、154號,(02)2778-2422,(02)2752-8005
,111020,000183-3,"士林蘭雅郵局
士林蘭雅郵局",臺北83支,臺北市士林區忠誠路一段52號,(02)2832-6924,
,100023,000184-7,"臺北杭南郵局
臺北杭南郵局",臺北84支,臺北市中正區杭州南路一段23號之3,(02)2393-8719,
,111002,000186-4,"東吳大學郵局
東吳大學郵局",臺北86支,臺北市士林區臨溪路70號(東吳大學內),(02)2881-5624,
,105065,000187-8,"臺北民生郵局
臺北民生郵局",臺北87支,臺北市松山區民生東路五段191號,(02)2766-2575,(02)2764-4790
,106335,000190-7,"臺灣科大郵局
臺灣科大郵局",臺北90支,臺北市大安區基隆路四段43號(台灣科技大學內),(02)2733-1071,
,106201,000191-1000501-1,"臺北金南郵局
臺北金南郵局",臺北91支,臺北市大安區愛國東路216號,(02)2394-0804,
,100012,000192-4,"臺北中正堂郵局
臺北中正堂郵局",臺北92支,臺北市中正區中山南路21號(中正紀念堂內),(02)2394-2715,
,116063,000193-8,"文山武功郵局
文山武功郵局",臺北93支,臺北市文山區羅斯福路五段147號,(02)2935-6135,(02)2931-4860
,108050,000195-5,"臺北青年郵局
臺北青年郵局",臺北95支,臺北市萬華區國興路34、36、38號,(02)2309-8054,
,106421,000196-9,"臺北安和郵局
臺北安和郵局",臺北96支,臺北市大安區安和路二段61、63號,(02)2704-9228,(02)2708-5519
,116059,000197-2,"文山萬盛郵局
文山萬盛郵局",臺北97支,臺北市文山區汀州路四段88號(師大分部內),(02)2932-0183,
,110028,000199-0,"臺北永春郵局
臺北永春郵局",臺北99支,臺北市信義區忠孝東路五段464、466號,(02)8788-1850,(02)8788-1850-31
,100216,000200-1,"監察院郵局
監察院郵局",臺北100支,臺北市中正區忠孝東路一段2號(監察院東側，面向鎮江街),(02)2392-5345,
,105005,000201-5,"臺北榮星郵局
臺北榮星郵局",臺北101支,臺北市松山區民權東路三段124之1、2號,(02)2712-7615,(02)2715-4680
,104247,000204-6,"臺北北安郵局
臺北北安郵局",臺北104支,臺北市中山區北安路630巷10號,(02)2532-9100,(02)2532-0537
,111026,000205-0,"士林芝山郵局
士林芝山郵局",臺北105支,臺北市士林區德行東路258號,(02)2836-3191,
,111035,000206-3,"士林法院郵局
士林法院郵局",臺北106支,臺北市士林區士東路190號(士林法院內),(02)2836-6049,
,100005,000207-7,"臺北中山堂郵局
臺北中山堂郵局",臺北107支,臺北市中正區中華路一段53號(臺北市立國樂團1樓),(02)2314-8490,
,106230,000208-1,"臺北敦南郵局
臺北敦南郵局",臺北108支,臺北市大安區忠孝東路四段170巷9號,(02)2771-5334,
,110202,000209-4,"臺北世貿郵局
臺北世貿郵局",臺北109支,臺北市信義區信義路五段5號(世貿中心內),(02)2725-2479,
,100214,000210-6,"臺北南門郵局
臺北南門郵局",臺北110支,臺北市中正區廣州街2號(行政院主計總處廣博大樓1樓),(02)2331-6433,
,116080,000211-0,"文山萬芳郵局
文山萬芳郵局",臺北111支,臺北市文山區興隆路三段178、180號,(02)2230-5857,
,104112,000212-3,"臺北興安郵局
臺北興安郵局",臺北112支,臺北市中山區復興北路210、212號,(02)2504-3662,
,100225,000215-4,"臺大醫院郵局
臺大醫院郵局",臺北115支,臺北市中正區中山南路七號(台大醫院內),(02)2397-3983,
,111002,000216-8,"士林外雙溪郵局
士林外雙溪郵局",臺北116支,臺北市士林區明溪街15號,(02)2841-1174,
,106245,000217-1,"臺北大安郵局
臺北大安郵局",臺北117支,臺北市大安區信義路三段89號,(02)2704-4318,(02)2705-3234
,105017,000218-5,"臺北台塑郵局
臺北台塑郵局",臺北118支,臺北市松山區民生東路四段54之2號,(02)2719-3473,
,100218,000220-1,"臺北中聯郵局
臺北中聯郵局",臺北120支,臺北市中正區徐州路5號地下一樓(中央聯合辦公大樓內),(02)2356-6485,
,104262,000221-4,"臺北龍江路郵局
臺北龍江路郵局",臺北121支,臺北市中山區龍江路335號,(02)2501-6754,
,104237,000222-8,"國防部郵局
國防部郵局",臺北122支,臺北市中山區北安路409號(國防部內),(02)8509-9866,
,111013,000223-1,"士林劍潭郵局
士林劍潭郵局",臺北123支,臺北市士林區基河路14號,(02)2885-9559,(02)2885-6043
,112091,000224-5,"陽明山郵局
陽明山郵局",臺北124支,臺北市北投區紗帽路139之1號,(02)2861-6151,(02)2861-6171
,111396,000225-9,"文化大學郵局
文化大學郵局",臺北125支,臺北市士林區華岡路55號(文化大學內),(02)2861-5880,
,111068,000226-2,"士林社新里郵局
士林社新里郵局",臺北126支,臺北市士林區延平北路六段197號,(02)2811-9944,(02)2812-1099
,110065,000228-0,"臺北信義郵局
臺北信義郵局",臺北128支,臺北市信義區松廉路76號(信義投遞中心),(02)2725-3080,
,111021,000229-3,"士林名山里郵局
士林名山里郵局",臺北129支,臺北市士林區至誠路二段70號,(02)2838-6703,
,112006,000231-9000502-5,"北投郵局
北投郵局",臺北131支,臺北市北投區光明路165號,(02)2891-2420,
,112063,000233-6,"北投石牌郵局
北投石牌郵局",臺北133支,臺北市北投區石牌路二段93-2號,(02)2821-4449,
,112020,000234-0,"北投關渡郵局
北投關渡郵局",臺北134支,臺北市北投區知行路293巷9弄11號,(02)2858-1260,
,112058,000235-3,"北投舊北投郵局
北投舊北投郵局",臺北135支,臺北市北投區中央南路一段201號,(02)2891-3104,
,112201,000236-7,"北投榮總郵局
北投榮總郵局",臺北136支,臺北市北投區石牌路二段201號(榮總醫院地下1樓),(02)2872-6742,
,112047,000237-1,"北投文林郵局
北投文林郵局",臺北137支,臺北市北投區文林北路96號,(02)2827-3044,
,112015,000238-4,"北投山腳郵局
北投山腳郵局",臺北138支,臺北市北投區中和街408號,(02)2891-1520,
,112034,000239-8,"北投實踐郵局
北投實踐郵局",臺北139支,臺北市北投區實踐街48巷11號,(02)2822-3054,
,112051,000240-0,"北投致遠郵局
北投致遠郵局",臺北140支,臺北市北投區致遠一路1段121號,(02)2823-0602,
,112013,000241-3,"北投文化郵局
北投文化郵局",臺北141支,臺北市北投區文化三路8號,(02)2891-0330,
,112040,000242-7,"北投明德郵局
北投明德郵局",臺北142支,臺北市北投區明德路210號,(02)2822-6347,
,112036,000243-1,"北投尊賢郵局
北投尊賢郵局",臺北143支,臺北市北投區尊賢街247-4號,(02)2821-5141,
,112005,000244-4,"北投奇岩郵局
北投奇岩郵局",臺北144支,臺北市北投區公館路271號,(02)2892-8444,
,112018,000245-8,"北投豐年郵局
北投豐年郵局",臺北145支,臺北市北投區中央北路二段329號,(02)2893-3596,
,112018,000246-1,"北投一德郵局
北投一德郵局",臺北146支,臺北市北投區中央北路四段529號,(02)2892-1518,
,112304,000247-5,"臺北陽明交大郵局
臺北陽明交大郵局",臺北147支,臺北市北投區立農街二段155號(陽明交大內),(02)2821-6416,
,114020,000248-9000503-9,"內湖郵局
內湖郵局",臺北148支,臺北市內湖區民權東路六段83號,(02)2790-1070-13,(02)2790-1070-11
,114023,000249-2,"內湖碧湖郵局
內湖碧湖郵局",臺北149支,臺北市內湖區內湖路二段225號,(02)2792-2674,(02)2795-4215
,114026,000250-4,"內湖週美郵局
內湖週美郵局",臺北150支,臺北市內湖區新明路380巷4弄4號,(02)2791-0759,
,114035,000251-8,"內湖文德郵局
內湖文德郵局",臺北151支,臺北市內湖區文德路26號,(02)2797-3893,(02)2627-0039
,114052,000252-1,"內湖金龍郵局
內湖金龍郵局",臺北152支,臺北市內湖區內湖路三段131號,(02)2790-3378,
,114004,000253-5,"內湖西湖郵局
內湖西湖郵局",臺北153支,臺北市內湖區內湖路一段331號,(02)2798-7290,(02)2799-1342
,114054,000254-9000512-0,"內湖東湖郵局
內湖東湖郵局",臺北154支,臺北市內湖區康樂街16號,(02)2633-3525,(02)2632-3853
,114041,000255-2,"內湖大湖郵局
內湖大湖郵局",臺北155支,臺北市內湖區大湖街166巷2號,(02)2792-6045,
,114063,000256-6,"內湖江南郵局
內湖江南郵局",臺北156支,臺北市內湖區瑞光路316巷1號,(02)2657-2428,
,114061,000257-0,"內湖北勢湖郵局
內湖北勢湖郵局",臺北157支,臺北市內湖區內湖路一段91巷2-1號,(02)2799-4021,
,114066,000258-3,"內湖舊宗郵局
內湖舊宗郵局",臺北158支,臺北市內湖區舊宗路一段189號,(02)2792-7970,
,114046,000259-7,"內湖康寧郵局
內湖康寧郵局",臺北159支,臺北市內湖區康寧路三段22號之1,(02)2633-4746,
,114202,000260-9,"內湖三總郵局
內湖三總郵局",臺北160支,臺北市內湖區成功路二段325號2樓(三軍總醫院內),(02)8791-2867,
,115008,000261-2000513-3,"南港昆陽郵局
南港昆陽郵局",臺北161支,臺北市南港區忠孝東路六段400、402、404、406號,(02)2651-4945,
,115024,000262-6,"中研院郵局
中研院郵局",臺北162支,臺北市南港區研究院路二段108號(中研院內外均可進出),(02)2782-3553,(02)2788-0823
,115004,000264-3,"南港港三郵局
南港港三郵局",臺北164支,臺北市南港區南港路三段184號,(02)2783-1409,
,115021,000265-7,"南港富康郵局
南港富康郵局",臺北165支,臺北市南港區研究院路1段99之3號,(02)2783-7204,
,115006,000266-1,"南港同德郵局
南港同德郵局",臺北166支,臺北市南港區同德路85巷2號,(02)2653-4350,(02)2786-8549
,115029,000267-4000504-2,"南港郵局
南港郵局",臺北167支,臺北市南港區南港路二段78號,(02)2785-0141,
,115005,000268-8,"南港福德郵局
南港福德郵局",臺北168支,臺北市南港區福德街314、316號,(02)2785-1709,
,115025,000269-1,"南港後山埤郵局
南港後山埤郵局",臺北169支,臺北市南港區忠孝東路五段994號,(02)2786-7814,
,116644,000270-3000505-6,"木柵郵局
木柵郵局",臺北170支,臺北市文山區木柵路三段27號,(02)2939-2781-20,(02)2939-2781-11
,116011,000271-7,"文山指南郵局
文山指南郵局",臺北171支,臺北市文山區指南路二段115號,(02)2939-3767,
,116005,000272-1,"文山溝子口郵局
文山溝子口郵局",臺北172支,臺北市文山區木柵路1段119號,(02)2236-0561,
,116019,000273-4,"文山木新郵局
文山木新郵局",臺北173支,臺北市文山區木新路3段329號,(02)2936-0439,(02)2938-6373
,223002,000274-8,"石碇郵局
石碇郵局",臺北174支,新北市石碇區碇坪路1段78-80號,(02)2663-1833,
,222004,000275-1,"深坑郵局
深坑郵局",臺北175支,新北市深坑區北深路3段30號,(02)2662-1005,
,116301,000276-5,"世新大學郵局
世新大學郵局",臺北176支,臺北市文山區木柵路1段17巷1號(世新大學內),(02)2236-4310,
,100020,000277-9,"臺北仁杭郵局
臺北仁杭郵局",臺北177支,臺北市中正區杭州南路１段24號1樓(交通部大樓國際會議廳),(02)2395-5573,
,116018,000278-2,"文山樟腳里郵局
文山樟腳里郵局",臺北178支,臺北市文山區木新路3段25號,(02)2939-9424,
,116302,000279-6,"政大郵局
政大郵局",臺北179支,臺北市文山區指南路2段64號(國立政治大學藝文中心內),(02)2938-7146,
,223011,000280-8,"石碇華梵大學郵局
石碇華梵大學郵局",臺北180支,新北市石碇區豐田里華梵路1號(石碇華梵大學內),(02)2663-2697,
,222001,000281-1,"深坑草地尾郵局
深坑草地尾郵局",臺北181支,新北市深坑區北深路3段264號之1,(02)2664-2140,
,226001,000282-5,"平溪郵局
平溪郵局",臺北182支,新北市平溪區平溪街42號,(02)2495-1062,
,116025,000283-9,"文山萬美街郵局
文山萬美街郵局",臺北183支,臺北市文山區萬美街1段51號,(02)2230-8803,
,893013,000284-2,"金門郵局
金門郵局",臺北184支,金門縣金城鎮民生路４號,(082)32-5823,
,890006,000285-6,"金門沙美郵局
金門沙美郵局",臺北185支,金門縣金沙鎮國中路21號,(082)35-2557,
,892009,000286-0,"金門金寧郵局
金門金寧郵局",臺北186支,金門縣金寧鄉仁愛新邨137、138號,(082)32-5787,
,894021,000287-3,"金門烈嶼郵局
金門烈嶼郵局",臺北187支,金門縣烈嶼鄉林湖村西宅7之5號,(082)36-2171,
,891003,000288-7,"金門尚義郵局
金門尚義郵局",臺北188支,金門縣金湖鎮尚義機場2號(金門尚義機場內),(082)31-1955,
,209002,000289-1,"馬祖郵局
馬祖郵局",臺北189支,連江縣南竿鄉福沃村141號,(0836)22050,
,209004,000290-2,"馬祖馬港郵局
馬祖馬港郵局",臺北190支,連江縣南竿鄉馬祖村84號,(0836)22217,
,115603,000291-6,"南港軟體園區郵局
南港軟體園區郵局",臺北191支,臺北市南港區園區街3-2號H棟1樓,(02)2785-5033,
,104252,000292-0,"臺北樂群二路郵局
臺北樂群二路郵局",臺北192支,臺北市中山區樂群二路147號,(02)8502-3327,
,891005,000350-0,"金門山外郵局
金門山外郵局",臺北250支,金門縣金湖鎮林森路39號,(082)33-3741,
,211041,000353-1,"馬祖西莒郵局
馬祖西莒郵局",臺北253支,連江縣莒光鄉西莒青帆村17號,(0836)88170,
,210005,000354-4,"馬祖北竿郵局
馬祖北竿郵局",臺北254支,連江縣北竿鄉塘岐村256號,(0836)55363,
,211091,000355-8,"馬祖東莒郵局
馬祖東莒郵局",臺北255支,連江縣莒光鄉東莒大坪村55號,(0836)89036,
,212041,000356-1,"馬祖東引郵局
馬祖東引郵局",臺北256支,連江縣東引鄉樂華村69號,(0836)77276,
,896001,000357-5,"金門烏坵郵局
金門烏坵郵局",臺北257支,金門縣烏坵鄉大坵村,(0826)66038,
,200009,001100-2001500-4,"基隆愛三路郵局
基隆愛三路郵局",基隆901支,基隆市仁愛區愛三路130號1F,(02)2421-0113,(02)2421-0148
,202005,001101-6,"基隆港東郵局
基隆港東郵局",基隆1支,基隆市中正區中正路56號,(02)2421-0156,
,200002,001102-0,"基隆港西街郵局
基隆港西街郵局",基隆2支,基隆市仁愛區港西街10號,(02)2421-0157,
,206005,001103-3,"基隆七堵郵局
基隆七堵郵局",基隆3支,基隆市七堵區明德一路171號,(02)2456-1286,
,202008,001104-7,"基隆中正郵局
基隆中正郵局",基隆4支,基隆市中正區中正路393巷18號,(02)2462-3324,
,203001,001105-1,"基隆新民郵局
基隆新民郵局",基隆5支,基隆市中山區新民路19號,(02)2421-0158,
,202008,001106-4,"基隆和平島郵局
基隆和平島郵局",基隆6支,基隆市中正區和一路129號,(02)2462-2371,
,202301,001107-8,"海洋大學郵局
海洋大學郵局",基隆7支,基隆市中正區北寧路2號(海洋大學內),(02)2462-1990,
,205002,001108-1,"基隆過港路郵局
基隆過港路郵局",基隆8支,基隆市暖暖區過港路58號,(02)2457-2339,
,200002,001109-5,"基隆孝三路郵局
基隆孝三路郵局",基隆9支,基隆市仁愛區孝三路62號,(02)2421-0159,
,203004,001110-7,"基隆中山郵局
基隆中山郵局",基隆10支,基隆市中山區中華路3號,(02)2421-0160,
,202012,001111-1,"基隆八斗子郵局
基隆八斗子郵局",基隆11支,基隆市中正區八斗街14號,(02)2469-2134,
,201012,001112-4,"基隆信義郵局
基隆信義郵局",基隆12支,基隆市信義區信二路178號,(02)2421-0161,
,201013,001113-8,"基隆東信路郵局
基隆東信路郵局",基隆13支,基隆市信義區東信路123號,(02)2465-7502,
,206007,001114-1,"基隆六堵郵局
基隆六堵郵局",基隆14支,基隆市七堵區工東街64號,(02)2451-2153,
,202005,001115-5,"基隆安瀾橋郵局
基隆安瀾橋郵局",基隆15支,基隆市中正區中正路330號,(02)2462-1989,
,200012,001116-9,"基隆仁二路郵局
基隆仁二路郵局",基隆16支,基隆市仁愛區仁二路19號,(02)2421-0162,
,200003,001117-2,"基隆光二路郵局
基隆光二路郵局",基隆17支,基隆市仁愛區光二路1號,(02)2431-8895,
,204017,001118-6,"基隆樂利郵局
基隆樂利郵局",基隆18支,基隆市安樂區樂利三街261號,(02)2432-8638,
,200007,001119-0,"基隆南榮路郵局
基隆南榮路郵局",基隆19支,基隆市仁愛區南榮路20號,(02)2421-0163,
,205008,001120-1,"基隆碇內郵局
基隆碇內郵局",基隆20支,基隆市暖暖區源遠路341號,(02)2457-6082,
,204011,001121-5,"基隆安樂路郵局
基隆安樂路郵局",基隆21支,基隆市安樂區安樂路二段132號,(02)2431-5275,
,203010,001122-9,"基隆復興路郵局
基隆復興路郵局",基隆22支,基隆市中山區復興路38號,(02)2437-8290,
,206009,001124-6,"基隆百福郵局
基隆百福郵局",基隆24支,基隆市七堵區百五街93號,(02)2451-2891,
,202003,001125-0,"基隆三沙灣郵局
基隆三沙灣郵局",基隆25支,基隆市中正區中船路112巷28號,(02)2421-0165,
,204007,001126-3,"基隆大武崙郵局
基隆大武崙郵局",基隆26支,基隆市安樂區基金一路131-24號,(02)2432-4246,
,228003,001128-1,"貢寮郵局
貢寮郵局",基隆28支,新北市貢寮區貢寮街50號,(02)2494-1127,
,228004,001129-4,"貢寮澳底郵局
貢寮澳底郵局",基隆29支,新北市貢寮區仁和路230號,(02)2490-1002,
,207003,001130-6,"萬里郵局
萬里郵局",基隆30支,新北市萬里區瑪鋉路48號,(02)2492-2042,
,205004,001131-0,"基隆暖暖郵局
基隆暖暖郵局",基隆31支,基隆市暖暖區暖暖街190號,(02)2458-4870,
,208005,001132-3,"金山郵局
金山郵局",基隆32支,新北市金山區中山路97號,(02)2498-2140,
,227004,001133-7,"雙溪郵局
雙溪郵局",基隆33支,新北市雙溪區太平路81號,(02)2493-1291,
,224001,001134-1,"瑞芳郵局
瑞芳郵局",基隆34支,新北市瑞芳區中正路13號,(02)2497-2158,
,224008,001135-4,"瑞芳九份郵局
瑞芳九份郵局",基隆35支,新北市瑞芳區基山街126號,(02)2497-2854,
,224005,001136-8,"瑞芳四腳亭郵局
瑞芳四腳亭郵局",基隆36支,新北市瑞芳區大埔路132-1號,(02)2457-7730,
,224010,001137-1,"瑞芳金瓜石郵局
瑞芳金瓜石郵局",基隆37支,新北市瑞芳區金光路51-1號,(02)2496-1419,
,202014,001138-5,"基隆新豐街郵局
基隆新豐街郵局",基隆38支,基隆市中正區新豐街482號2樓,(02)2460-1533,
,221036,001139-9001501-8,"汐止郵局
汐止郵局",基隆39支,新北市汐止區大同路三段168號,(02)8648-2866,
,221006,001141-4,"汐止樟樹灣郵局
汐止樟樹灣郵局",基隆41支,新北市汐止區大同路一段322號,(02)2641-8422,
,221017,001142-8,"汐止社后郵局
汐止社后郵局",基隆42支,新北市汐止區康寧街426號,(02)2695-1315,
,221030,001143-1,"汐止龍安郵局
汐止龍安郵局",基隆43支,新北市汐止區龍安路42號,(02)2642-6626,
,221007,001144-5,"汐止厚德郵局
汐止厚德郵局",基隆44支,新北市汐止區樟樹一路224號,(02)2647-7134,
,221039,001145-9,"汐止翠柏郵局
汐止翠柏郵局",基隆45支,新北市汐止區永春一路5號,(02)2645-1457,
,221028,001146-2,"汐止南昌郵局
汐止南昌郵局",基隆46支,新北市汐止區新昌路72號,(02)2649-8837,
,221683,001147-6,"汐止建成路郵局
汐止建成路郵局",基隆47支,新北市汐止區建成路58號,(02)8691-5658,
,400700,002100-9002500-1,"臺中民權路郵局
臺中民權路郵局",臺中901支,臺中市中區民權路86號,(04)2221-5121-226,(04)2221-5121-245
,402701,002101-2,"臺中臺中路郵局
臺中臺中路郵局",臺中1支,臺中市南區台中路100號,(04)2222-6854,
,403702,002102-6,"臺中中正路郵局
臺中中正路郵局",臺中2支,臺中市西區臺灣大道一段701號,(04)2203-5080,(04)2201-6954
,414703,002103-0002505-9,"烏日郵局
烏日郵局",臺中3支,臺中市烏日區光日路123號,(04)2338-1364,
,407705,002105-7,"東海大學郵局
東海大學郵局",臺中5支,臺中市西屯區臺灣大道四段2147號,(04)2359-2748,
,413706,002106-1,"霧峰民生路郵局
霧峰民生路郵局",臺中6支,臺中市霧峰區民生路93號,(04)2339-3409,
,413708,002108-8,"霧峰郵局
霧峰郵局",臺中8支,臺中市霧峰區中正路806號,(04)2339-3034,(04)2333-9633
,428709,002109-1,"大雅清泉崗郵局
大雅清泉崗郵局",臺中9支,臺中市大雅區忠義里仁愛路100號,(04)2566-2010,
,411710,002110-3,"太平長億郵局
太平長億郵局",臺中10支,臺中市太平區長億一街53、55號,(04)2270-2910,
,412711,002111-7,"大里仁化郵局
大里仁化郵局",臺中11支,臺中市大里區至善路30號,(04)2495-0188,
,411713,002113-4,"太平坪林郵局
太平坪林郵局",臺中13支,臺中市太平區中山路一段325、327號,(04)2392-2841,
,411714,002114-8,"太平竹仔坑郵局
太平竹仔坑郵局",臺中14支,臺中市太平區光興路517、519號,(04)2271-0932,
,404715,002115-1,"臺中育才郵局
臺中育才郵局",臺中15支,臺中市北區三民路三段140號,(04)2227-0473,(04)2223-1684
,403716,002116-5,"臺中法院郵局
臺中法院郵局",臺中16支,臺中市西區自由路一段91號(臺灣臺中地方法院內),(04)2224-2784,
,402717,002117-9,"臺中國光路郵局
臺中國光路郵局",臺中17支,臺中市南區國光路297號,(04)2285-1030,(04)2287-3821
,400718,002118-2,"臺中公園路郵局
臺中公園路郵局",臺中18支,臺中市中區公園路4號,(04)2223-1784,
,408719,002119-6,"臺中南屯路郵局
臺中南屯路郵局",臺中19支,臺中市南屯區南屯路二段405號,(04)2389-0624,(04)2389-0625
,402720,002120-8,"臺中福平里郵局
臺中福平里郵局",臺中20支,臺中市南區復興路二段169號,(04)2261-1854,
,412721,002121-1002506-2,"大里郵局
大里郵局",臺中21支,臺中市大里區中興路二段212號,(04)2482-5771,(04)2482-5657
,428722,002122-5002501-4,"大雅郵局
大雅郵局",臺中22支,臺中市大雅區中清東路177號,(04)2566-2480,(04)2567-0791
,401723,002123-9,"臺中力行路郵局
臺中力行路郵局",臺中23支,臺中市東區力行路52巷5號,(04)2360-3614,
,401724,002124-2,"臺中旱溪郵局
臺中旱溪郵局",臺中24支,臺中市東區一心街403號,(04)2211-1864,
,407725,002125-6,"臺中逢甲郵局
臺中逢甲郵局",臺中25支,臺中市西屯區河南路二段268號,(04)2452-7033,
,404726,002126-0,"臺中雙十路郵局
臺中雙十路郵局",臺中26支,臺中市北區雙十路二段119號,(04)2233-2382,(04)2233-8735
,406727,002127-3,"臺中水湳郵局
臺中水湳郵局",臺中27支,臺中市北屯區四平路1號,(04)2291-4800,(04)2292-6335
,412728,002128-7,"大里內新郵局
大里內新郵局",臺中28支,臺中市大里區中興路二段520號,(04)2483-8184,
,408729,002129-1,"臺中嶺東郵局
臺中嶺東郵局",臺中29支,臺中市南屯區永春北路49號,(04)2389-8990,
,407730,002130-2,"臺中西屯郵局
臺中西屯郵局",臺中30支,臺中市西屯區黎明路三段130號,(04)2701-0016,(04)2701-3786
,404731,002131-6,"臺中五權路郵局
臺中五權路郵局",臺中31支,臺中市北區五權路311、313號,(04)2202-3810,
,412732,002132-0,"大里草湖郵局
大里草湖郵局",臺中32支,臺中市大里區中興路一段298-3號,(04)2492-3050,(04)2492-3053
,401733,002133-3,"臺中大智郵局
臺中大智郵局",臺中33支,臺中市東區建成路676、678號,(04)2282-5118,
,411734,002134-7,"太平郵局
太平郵局",臺中34支,臺中市太平區中興東路25號,(04)2279-0919,(04)2279-0912
,406735,002135-1,"臺中北屯郵局
臺中北屯郵局",臺中35支,臺中市北屯區進化北路37-1號,(04)2237-2725,(04)2237-2726
,408736,002136-4,"臺中東興路郵局
臺中東興路郵局",臺中36支,臺中市南屯區東興路二段186號,(04)2475-1984,
,404737,002137-8,"臺中漢口路郵局
臺中漢口路郵局",臺中37支,臺中市北區漢口路三段189號,(04)2296-6679,
,402738,002138-1,"臺中樹仔腳郵局
臺中樹仔腳郵局",臺中38支,臺中市南區復興路一段236號,(04)2262-6592,
,406739,002139-5,"臺中四張犁郵局
臺中四張犁郵局",臺中39支,臺中市北屯區豐樂路二段162號,(04)2422-4016,
,403740,002140-7,"臺中公益路郵局
臺中公益路郵局",臺中40支,臺中市西區公益路193號,(04)2302-0271,(04)2301-7921
,406741,002141-1,"臺中大坑口郵局
臺中大坑口郵局",臺中41支,臺中市北屯區東山路一段38-1號,(04)2231-5030,
,401742,002142-4,"臺中進化路郵局
臺中進化路郵局",臺中42支,臺中市東區進化路184、186號,(04)2212-6621,
,411743,002143-8002507-6,"太平宜欣郵局
太平宜欣郵局",臺中43支,臺中市太平區中山路四段27號,(04)2398-0539,
,407744,002144-1,"臺中何厝郵局
臺中何厝郵局",臺中44支,臺中市西屯區青海路一段83號,(04)2316-0166,(04)2316-3860
,402745,002145-5,"臺中南和路郵局
臺中南和路郵局",臺中45支,臺中市南區南和路42、44號,(04)2261-6535,
,407746,002146-9,"臺中工業區郵局
臺中工業區郵局",臺中46支,臺中市西屯區工業區六路10號,(04)2359-2387,(04)2358-0763
,408747,002147-2,"臺中黎明郵局
臺中黎明郵局",臺中47支,臺中市南屯區博愛街80巷49號,(04)2252-1074,
,406749,002149-0,"臺中敦化路郵局
臺中敦化路郵局",臺中49支,臺中市北屯區敦化路1段627號,(04)2293-9267,(04)2293-9233
,403750,002150-1,"臺中大全街郵局
臺中大全街郵局",臺中50支,臺中市西區大全街42、44、46號,(04)2371-2528,
,404753,002153-2,"臺中淡溝郵局
臺中淡溝郵局",臺中53支,臺中市北區民權路365號,(04)2205-1277,(04)2205-2532
,406754,002154-6,"臺中軍功郵局
臺中軍功郵局",臺中54支,"臺中市北屯區環中東路二段253號,255號",(04)2436-9107,
,404755,002155-0,"臺中健行路郵局
臺中健行路郵局",臺中55支,臺中市北區健行路190號,(04)2235-3673,
,412757,002157-7,"大里永隆郵局
大里永隆郵局",臺中57支,臺中市大里區永隆一街82號,(04)2406-3514,
,414759,002159-4,"烏日明道郵局
烏日明道郵局",臺中59支,臺中市烏日區仁德村信義街100號,(04)2337-7621,
,411760,002160-6,"太平永豐路郵局
太平永豐路郵局",臺中60支,臺中市太平區永豐路338號,(04)2278-2575,
,407761,002161-0,"臺中永安郵局
臺中永安郵局",臺中61支,臺中市西屯區永安里西屯路三段166-80號,(04)2461-5479,
,406763,002163-7,"臺中文心路郵局
臺中文心路郵局",臺中63支,臺中市北屯區文心路四段752號,(04)2235-6388,(04)2235-6408
,403765,002165-4002508-0,"臺中英才郵局
臺中英才郵局",臺中65支,臺中市西區民生路200號,(04)2302-2484,(04)2301-5638
,406766,002166-8,"臺中松竹郵局
臺中松竹郵局",臺中66支,臺中市北屯區松竹北路110號,(04)2243-7285,
,407767,002167-1,"臺中大隆路郵局
臺中大隆路郵局",臺中67支,臺中市西屯區大隆路60、62號,(04)2320-6379,(04)2320-1870
,414768,002168-5,"烏日溪壩郵局
烏日溪壩郵局",臺中68支,臺中市烏日區溪南路2段372號,(04)2335-6043,
,407769,002169-9,"臺中福安郵局
臺中福安郵局",臺中69支,臺中市西屯區福順路318號,(04)2463-0618,
,408770,002170-1,"臺中向上郵局
臺中向上郵局",臺中70支,臺中市南屯區向上路二段199號,(04)2387-0215,(04)2387-0220
,428771,002171-4,"大雅馬岡厝郵局
大雅馬岡厝郵局",臺中71支,臺中市大雅區西寶里昌平路四段82號,(04)2560-3740,
,428728,002228-2,"臺中中科郵局
臺中中科郵局",臺中128支,臺中市大雅區中科路6號,(04)2560-4092,
,704401,003100-5003500-7,"臺南成功路郵局
臺南成功路郵局",臺南901支,臺南市北區成功路6、8號,(06)226-7962,(06)226-5046
,702005,003101-9,"臺南西門路郵局
臺南西門路郵局",臺南1支,臺南市南區西門路一段681號,(06)222-2471,
,700022,003102-2,"臺南水交社郵局
臺南水交社郵局",臺南2支,臺南市中西區健康路一段260號,(06)214-2892,
,700008,003103-6,"臺南興華街郵局
臺南興華街郵局",臺南3支,臺南市中西區興華街37號,(06)222-6883,
,708001,003104-0,"臺南安平郵局
臺南安平郵局",臺南4支,臺南市安平區安北路125號,(06)223-5402,
,700015,003105-3,"臺南中正路郵局
臺南中正路郵局",臺南5支,臺南市中西區中正路42號,(06)222-3304,
,717005,003106-7,"仁德車路墘郵局
仁德車路墘郵局",臺南6支,臺南市仁德區中正路一段32號,(06)266-2944,
,701401,003107-1,"成功大學郵局
成功大學郵局",臺南7支,臺南市東區大學路１號（光復校區內，近大學路西段校門口）,(06)237-7908,
,710012,003108-4,"永康網寮郵局
永康網寮郵局",臺南8支,臺南市永康區小東路481、483號,(06)312-1095,
,711013,003109-8003503-8,"歸仁郵局
歸仁郵局",臺南9支,臺南市歸仁區中山路一段637號,(06)230-7454,(06)230-4904
,710056,003110-0003501-1,"永康郵局
永康郵局",臺南10支,臺南市永康區中山路78號,(06)232-2405-12,(06)232-2405-13
,710027,003111-3,"永康六甲頂郵局
永康六甲頂郵局",臺南11支,臺南市永康區中正南路160號,(06)282-9564,
,701033,003112-7,"臺南德高厝郵局
臺南德高厝郵局",臺南12支,臺南市東區崇德路678號,(06)268-1297,
,700018,003113-1,"臺南永樂郵局
臺南永樂郵局",臺南13支,臺南市中西區民族路三段282號,(06)223-4495,
,700003,003114-4,"臺南友愛街郵局
臺南友愛街郵局",臺南14支,臺南市中西區友愛街318號,(06)223-5406,
,700280,003115-8,"臺南南門路郵局
臺南南門路郵局",臺南15支,臺南市中西區南門路93號,(06)214-7235,
,717017,003116-1,"仁德太子郵局
仁德太子郵局",臺南16支,臺南市仁德區土庫路2號,(06)272-4666,
,704033,003117-5,"臺南西華郵局
臺南西華郵局",臺南17支,臺南市北區公園路176-1號,(06)228-8491,
,701001,003118-9,"臺南東城郵局
臺南東城郵局",臺南18支,臺南市東區府連路433、435號,(06)237-5408,
,704016,003119-2,"臺南開元路郵局
臺南開元路郵局",臺南19支,臺南市北區開元路162號,(06)237-1330,
,702029,003120-4003504-1,"臺南大同路郵局
臺南大同路郵局",臺南20支,臺南市南區大同路二段410號,(06)215-5409,
,710031,003121-8,"永康二王郵局
永康二王郵局",臺南21支,臺南市永康區中山南路363號,(06)232-9575,
,700006,003122-1,"臺南普濟郵局
臺南普濟郵局",臺南22支,臺南市中西區西門路二段366號,(06)223-5410,
,702018,003123-5,"臺南灣裡郵局
臺南灣裡郵局",臺南23支,臺南市南區灣裡路67號,(06)262-2411,
,717006,003124-9,"仁德二空郵局
仁德二空郵局",臺南24支,臺南市仁德區二空路65號,(06)268-2328,
,704007,003125-2,"臺南大光郵局
臺南大光郵局",臺南25支,臺南市北區長榮路五段266號,(06)251-6481,
,701017,003126-6003505-5,"臺南東門郵局
臺南東門郵局",臺南26支,臺南市東區東門路二段216號,(06)268-3290,
,717009,003127-0,"仁德郵局
仁德郵局",臺南27支,臺南市仁德區中正路二段1118號,(06)270-0982,
,701045,003128-3,"臺南東寧路郵局
臺南東寧路郵局",臺南28支,臺南市東區東寧路323號,(06)236-3607,
,704005,003129-7,"臺南北小北郵局
臺南北小北郵局",臺南29支,臺南市北區西門路四段482號,(06)251-6135,
,710037,003130-9,"永康大灣郵局
永康大灣郵局",臺南30支,臺南市永康區民族路244號,(06)271-3784,
,709019,003131-2,"臺南和順郵局
臺南和順郵局",臺南31支,臺南市安南區安和路5段119號,(06)355-9285,
,710042,003132-6,"永康鹽行郵局
永康鹽行郵局",臺南32支,臺南市永康區中正北路79號,(06)253-1054,
,702011,003133-0,"臺南鹽埕郵局
臺南鹽埕郵局",臺南33支,臺南市南區金華路一段292號,(06)261-6286,
,709001,003134-3,"臺南安順郵局
臺南安順郵局",臺南34支,臺南市安南區安和路一段430號,(06)255-5030,
,702034,003135-7,"臺南新義郵局
臺南新義郵局",臺南35支,臺南市南區安平工業區新義路1號,(06)265-4762,
,709020,003136-1,"臺南安南郵局
臺南安南郵局",臺南36支,臺南市安南區安中路三段106號,(06)256-1849,
,702006,003137-4,"臺南金華郵局
臺南金華郵局",臺南37支,臺南市南區健康路二段182號,(06)222-7221,
,709030,003138-8,"臺南海佃郵局
臺南海佃郵局",臺南38支,臺南市安南區國安街8號,(06)258-0744,
,709031,003139-1,"臺南土城郵局
臺南土城郵局",臺南39支,臺南市安南區安中路六段712號,(06)257-1208,
,701014,003140-3,"臺南小東郵局
臺南小東郵局",臺南40支,臺南市東區東和路45、47、49號,(06)237-0917,
,710039,003142-1,"永康大橋郵局
永康大橋郵局",臺南42支,臺南市永康區中華路473號1F,(06)232-0332,
,710047,003143-4,"永康崑山郵局
永康崑山郵局",臺南43支,臺南市永康區永大路二段3號,(06)271-5182,
,717018,003145-1,"仁德後壁厝郵局
仁德後壁厝郵局",臺南45支,臺南市仁德區中正路二段417、419號,(06)270-0674,
,710001,003146-5,"永康王行郵局
永康王行郵局",臺南46支,臺南市永康區永康工業區環工路6號,(06)233-8750,
,709003,003147-9,"臺南原佃郵局
臺南原佃郵局",臺南47支,臺南市安南區怡安路二段462號,(06)246-4402,
,704026,003148-2,"臺南文元郵局
臺南文元郵局",臺南48支,臺南市北區文成路765號,(06)258-5364,
,701022,003149-6,"臺南虎尾寮郵局
臺南虎尾寮郵局",臺南49支,臺南市東區自由路三段386號,(06)290-7858,(06)290-7881
,711012,003150-8,"歸仁南保郵局
歸仁南保郵局",臺南50支,臺南市歸仁區中山路三段250號1樓,(06)239-5210,
,718005,003159-1,"關廟郵局
關廟郵局",臺南59支,臺南市關廟區中央路222號,(06)595-0850,(06)595-2009
,719012,003160-2,"龍崎郵局
龍崎郵局",臺南60支,臺南市龍崎區崎頂里新市仔186號,(06)594-1365,
,718006,003161-6,"關廟文衡路郵局
關廟文衡路郵局",臺南61支,臺南市關廟區文衡路20號,(06)595-0858,
,708008,003162-0,"臺南新南郵局
臺南新南郵局",臺南62支,臺南市安平區永華三街6號,(06)299-2514,
,708202,003163-3,"臺南地方法院郵局
臺南地方法院郵局",臺南63支,臺南市安平區健康路三段308號(臺南地方法院內),(06)298-6435,
,708014,003164-7,"臺南育平郵局
臺南育平郵局",臺南64支,臺南市安平區育平路333號,(06)297-3047,
,800012,004100-1004500-3,"新興郵局
新興郵局",高雄901支,高雄市新興區中正三路177、179號,(07)221-2591,(07)251-3473
,813016,004101-5,"左營華夏路郵局
左營華夏路郵局",高雄1支,高雄市左營區華夏路390號,(07)341-5636,
,802634,004102-9,"苓雅郵局
苓雅郵局",高雄2支,高雄市苓雅區成功一路134號,(07)333-0818,
,805002,004103-2,"旗津郵局
旗津郵局",高雄3支,高雄市旗津區中洲三路817號,(07)571-7832,(07)571-3751
,803004,004105-0,"鹽埕郵局
鹽埕郵局",高雄5支,高雄市鹽埕區五福四路133號,(07)551-0421,(07)551-4658
,811026,004106-3004504-8,"楠梓郵局
楠梓郵局",高雄6支,高雄市楠梓區楠梓新路247號,(07)351-7250,(07)351-1744
,813006,004107-7004505-1,"左營郵局
左營郵局",高雄7支,高雄市左營區實踐路43號,(07)581-0018,
,807001,004108-1,"高雄站前郵局
高雄站前郵局",高雄8支,高雄市三民區建國三路2-2號,(07)286-7211,
,804002,004109-4,"鼓山郵局
鼓山郵局",高雄9支,高雄市鼓山區臨海二路17號,(07)551-6044,
,801649,004110-6,"前金郵局
前金郵局",高雄10支,高雄市前金區六合二路147號,(07)285-5808,
,804012,004111-0,"高雄內惟郵局
高雄內惟郵局",高雄11支,高雄市鼓山區九如四路1020、1022號,(07)561-3543,
,814040,004112-3,"仁武台塑郵局
仁武台塑郵局",高雄12支,高雄市仁武區水管路100-1號,(07)372-2811,
,813007,004113-7,"左營南站郵局
左營南站郵局",高雄13支,高雄市左營區左營大路75號,(07)581-3816,
,813009,004114-1,"左營果貿郵局
左營果貿郵局",高雄14支,高雄市左營區翠峰路2號,(07)582-0716,
,801751,004116-8,"高雄社東郵局
高雄社東郵局",高雄16支,高雄市前金區自強二路104之1號,(07)272-6714,(07)281-5201
,807020,004117-1,"高雄德智郵局
高雄德智郵局",高雄17支,高雄市三民區熱河一街84、86號,(07)311-7501,
,806604,004118-5,"前鎮郵局
前鎮郵局",高雄18支,高雄市前鎮區前鎮街92號,(07)821-4865,
,802721,004119-9,"高雄市府郵局
高雄市府郵局",高雄19支,高雄市苓雅區四維三路2號(市政大樓1樓),(07)331-8950,
,804006,004120-1,"高雄鼓岩郵局
高雄鼓岩郵局",高雄20支,高雄市鼓山區鼓山二路166-12、13號,(07)561-4812,
,806601,004121-4,"高雄廣澤郵局
高雄廣澤郵局",高雄21支,高雄市前鎮區三多三路139號,(07)333-3961,
,803001,004123-1,"高雄府北郵局
高雄府北郵局",高雄23支,高雄市鹽埕區七賢二路470號,(07)561-3431,
,807003,004124-5,"高雄三塊厝郵局
高雄三塊厝郵局",高雄24支,高雄市三民區中華三路270號,(07)286-5203,(07)286-6716
,811001,004125-9,"楠梓莒光郵局
楠梓莒光郵局",高雄25支,高雄市楠梓區新昌街53、55號,(07)361-2330,
,806614,004126-2,"前鎮科技園區郵局
前鎮科技園區郵局",高雄26支,高雄市前鎮區中四路1號(前鎮科技產業園區內),(07)821-8017,
,800314,004127-6,"高雄青年郵局
高雄青年郵局",高雄27支,高雄市新興區復興二路171號,(07)282-5716,(07)282-7498
,807057,004128-0,"高雄灣仔內郵局
高雄灣仔內郵局",高雄28支,高雄市三民區建工路679、681號,(07)386-2656,(07)382-1357
,812003,004129-3004506-5,"小港郵局
小港郵局",高雄29支,高雄市小港區小港一街1號,(07)821-8605,
,802561,004130-5,"高雄師大郵局
高雄師大郵局",高雄30支,高雄市苓雅區和平一路116號(高雄師範大學內),(07)751-1343,
,807011,004132-2,"高雄九如二路郵局
高雄九如二路郵局",高雄32支,高雄市三民區九如二路661、663號,(07)322-0780,(07)312-8294
,802025,004133-6,"高雄五塊厝郵局
高雄五塊厝郵局",高雄33支,高雄市苓雅區三多一路237號,(07)761-4810,
,815007,004134-0004507-9,"大社郵局
大社郵局",高雄34支,高雄市大社區自強街9號,(07)353-1730,(07)351-1348
,811033,004135-3,"楠梓藍田郵局
楠梓藍田郵局",高雄35支,高雄市楠梓區藍昌路430號,(07)364-6624,
,806601,004136-7004508-2,"高雄西甲郵局
高雄西甲郵局",高雄36支,高雄市前鎮區復興三路94號,(07)334-3490,
,812201,004137-1,"小港機場郵局
小港機場郵局",高雄37支,高雄市小港區中山四路2號(小港國際機場內),(07)801-1918,
,806604,004138-4,"高雄草衙郵局
高雄草衙郵局",高雄38支,高雄市前鎮區草衙一路78、80號,(07)821-2582,
,806016,004139-8,"高雄籬仔內郵局
高雄籬仔內郵局",高雄39支,高雄市前鎮區瑞隆路482號,(07)771-1009,(07)725-3095
,802320,004140-0,"高雄正言郵局
高雄正言郵局",高雄40支,高雄市苓雅區中正一路322、324號,(07)751-8290,
,800009,004141-3,"高雄順昌郵局
高雄順昌郵局",高雄41支,高雄市新興區七賢一路104、106號,(07)222-3287,
,802662,004142-7,"高雄林華郵局
高雄林華郵局",高雄42支,高雄市苓雅區三多二路249號,(07)771-6170,(07)761-8875
,811009,004143-1,"楠梓右昌郵局
楠梓右昌郵局",高雄43支,高雄市楠梓區右昌街347號,(07)361-4445,
,806604,004144-4,"高雄佛公郵局
高雄佛公郵局",高雄44支,高雄市前鎮區后安路147號,(07)831-6006,
,812039,004145-8,"高雄大林蒲郵局
高雄大林蒲郵局",高雄45支,高雄市小港區鳳林路82號,(07)871-1345,
,804055,004146-1,"高雄前峰郵局
高雄前峰郵局",高雄46支,高雄市鼓山區九如四路2008、2010號,(07)581-8612,
,812401,004147-5,"高雄中鋼郵局
高雄中鋼郵局",高雄47支,高雄市小港區中鋼路1號〈中鋼公司福利社內〉,(07)802-0283,
,807046,004148-9,"高雄民族社區郵局
高雄民族社區郵局",高雄48支,高雄市三民區九如一路952號,(07)382-2625,
,807399,004149-2,"高雄站後郵局
高雄站後郵局",高雄49支,高雄市三民區博愛一路28號,(07)311-4521,
,807031,004150-4,"高雄大順郵局
高雄大順郵局",高雄50支,高雄市三民區大順二路207號,(07)384-7163,
,812402,004151-8,"高雄台船郵局
高雄台船郵局",高雄51支,高雄市小港區中鋼路3號(台船公司內),(07)802-1442,
,814013,004152-1004509-6,"仁武郵局
仁武郵局",高雄52支,高雄市仁武區中正路115號,(07)371-6005,
,807056,004153-5,"高雄建工郵局
高雄建工郵局",高雄53支,高雄市三民區大昌二路513、515、517號,(07)383-5089,
,807375,004154-9,"高雄博愛路郵局
高雄博愛路郵局",高雄54支,高雄市三民區博愛一路372號1樓,(07)322-5576,
,813018,004155-2004510-8,"左營新莊仔郵局
左營新莊仔郵局",高雄55支,高雄市左營區富民路356號,(07)556-1083,(07)557-7411
,807070,004156-6,"高雄鼎泰郵局
高雄鼎泰郵局",高雄56支,高雄市三民區民族一路519號,(07)342-5127,
,811299,004157-0,"海軍官校郵局
海軍官校郵局",高雄57支,高雄市楠梓區軍校路669號,(07)582-7759,
,806602,004158-3,"高雄英德街郵局
高雄英德街郵局",高雄58支,高雄市前鎮區英德街149號,(07)771-5893,
,804201,004159-7,"中山大學郵局
中山大學郵局",高雄59支,高雄市鼓山區蓮海路70號(西子灣國立中山大學內),(07)525-0829,
,802007,004160-9004511-1,"高雄武廟郵局
高雄武廟郵局",高雄60支,高雄市苓雅區武廟路83號,(07)723-3650,
,807033,004161-2,"高雄民壯郵局
高雄民壯郵局",高雄61支,高雄市三民區民壯路16、18、20、22號,(07)386-1194,
,812009,004162-6,"高雄二苓郵局
高雄二苓郵局",高雄62支,高雄市小港區中山四路7、9、11號,(07)801-3486,
,807066,004163-0,"高雄大昌郵局
高雄大昌郵局",高雄63支,高雄市三民區大昌一路258號,(07)389-8502,
,802675,004164-3,"高雄文化中心郵局
高雄文化中心郵局",高雄64支,高雄市苓雅區光華一路148-30號,(07)715-2673,
,804012,004165-7,"高雄民強郵局
高雄民強郵局",高雄65支,高雄市鼓山區九如四路636、638號,(07)561-5354,
,811016,004166-1,"楠梓後勁郵局
楠梓後勁郵局",高雄66支,高雄市楠梓區後昌路128號,(07)361-3972,
,807577,004167-4,"高雄義民郵局
高雄義民郵局",高雄67支,高雄市三民區大豐二路203號,(07)386-8148,
,804051,004168-8,"高雄瑞豐郵局
高雄瑞豐郵局",高雄68支,高雄市鼓山區中華一路316之3號,(07)552-9669,
,800004,004169-1,"高雄新田郵局
高雄新田郵局",高雄69支,高雄市新興區新田路133號,(07)215-8772,
,811605,004170-3,"楠梓亞洲城郵局
楠梓亞洲城郵局",高雄70支,高雄市楠梓區壽民路222號,(07)363-9199,
,807378,004172-1,"高雄醫學大學郵局
高雄醫學大學郵局",高雄72支,高雄市三民區十全一路100號(高雄醫學大學內),(07)321-7467,
,804614,004173-4,"高雄高分院郵局
高雄高分院郵局",高雄73支,高雄市鼓山區明誠三路586號(高等法院高雄分院內),(07)553-5869,
,813414,004174-8,"左營榮總郵局
左營榮總郵局",高雄74支,高雄市左營區大中一路386號(榮總高雄分院內),(07)345-5239,
,812035,004175-1,"高雄高松郵局
高雄高松郵局",高雄75支,高雄市小港區高鳳路33-3、33-4號,(07)803-5049,
,801762,004176-5,"高雄地方法院郵局
高雄地方法院郵局",高雄76支,高雄市前金區市中一路171號(高雄地院內),(07)216-8291,
,805006,004177-9,"高雄中洲郵局
高雄中洲郵局",高雄77支,高雄市旗津區旗津二路243號,(07)571-8784,
,812020,004178-2,"高雄宏平郵局
高雄宏平郵局",高雄78支,高雄市小港區宏平路322號,(07)803-1143,
,807076,004179-6,"高雄鼎金郵局
高雄鼎金郵局",高雄79支,高雄市三民區鼎強街264、266號,(07)347-4504,
,807005,004181-1,"高雄中都郵局
高雄中都郵局",高雄81支,高雄市三民區力行路89、91號,(07)321-1086,
,804605,004182-5,"高雄凹仔底郵局
高雄凹仔底郵局",高雄82支,高雄市鼓山區明華路317號1樓,(07)552-7141,
,811022,004183-9,"楠梓建楠郵局
楠梓建楠郵局",高雄83支,高雄市楠梓區建楠路3號,(07)352-3590,
,806602,004184-2,"高雄崗山仔郵局
高雄崗山仔郵局",高雄84支,高雄市前鎮區瑞北路39號,(07)722-4150,
,812050,004185-6,"高雄中林子郵局
高雄中林子郵局",高雄85支,高雄市小港區中智街1號,(07)871-6064,
,840203,004186-0,"義守大學郵局
義守大學郵局",高雄86支,高雄市大樹區學城路1段1號(義守大學內),(07)657-7328,
,812675,004187-3,"高雄桂林郵局
高雄桂林郵局",高雄87支,高雄市小港區桂華街130號,(07)791-5275,
,813371,004188-7,"左營菜公郵局
左營菜公郵局",高雄88支,高雄市左營區博愛三路520、522、524、526號,(07)345-5598,
,813031,004189-1,"左營福山郵局
左營福山郵局",高雄89支,高雄市左營區自由四路332號,(07)359-8435,
,814240,004190-2,"仁武仁雄郵局
仁武仁雄郵局",高雄90支,高雄市仁武區仁忠路79、81號,(07)374-0875,
,811512,004191-6,"高雄高等行政法院郵局
高雄高等行政法院郵局",高雄91支,高雄市楠梓區興楠路180號(高雄高等行政法院內),(07)355-0418,
,813011,004192-0,"高雄郵件中心郵局
高雄郵件中心郵局",高雄92支,高雄市左營區民族一路853號,(07)310-9655,
,811014,004193-3,"楠梓翠屏郵局
楠梓翠屏郵局",高雄93支,高雄市楠梓區德祥路129、131號,(07)360-3893,
,806604,004194-7,"高雄君毅郵局
高雄君毅郵局",高雄94支,高雄市前鎮區中華五路963號,(07)537-3542,
,814036,004195-1,"仁武八德郵局
仁武八德郵局",高雄95支,高雄市仁武區八德南路396號,(07)373-3510,
,825006,004263-5,"橋頭新市鎮郵局
橋頭新市鎮郵局",高雄163支,高雄市橋頭區經武路911號,(07)612-1015,
,811646,004264-9,"楠梓科技園區郵局
楠梓科技園區郵局",高雄164支,高雄市楠梓區加昌路600-11號(楠梓科技產業園區內),(07)361-9568,
,811726,004265-2,"高雄大學郵局
高雄大學郵局",高雄165支,高雄市楠梓區高雄大學路700號(學生活動中心1樓),(07)591-9199,
,600013,005100-8005500-0,"嘉義文化路郵局
嘉義文化路郵局",嘉義901支,嘉義市東區文化路134號,(05)225-9408,(05)222-7881
,600011,005101-1,"嘉義中山路郵局
嘉義中山路郵局",嘉義1支,嘉義市東區中山路107號,(05)278-5145,
,608009,005102-5,"水上南靖郵局
水上南靖郵局",嘉義2支,嘉義縣水上鄉三鎮村三鎮路1號,(05)268-2035,
,608007,005103-9,"水上中庄郵局
水上中庄郵局",嘉義3支,嘉義縣水上鄉中庄村中庄61-61號,(05)289-0344,
,600005,005104-2,"嘉義站前郵局
嘉義站前郵局",嘉義4支,嘉義市西區中正路647號,(05)224-2021,
,600006,005105-6,"嘉義民權路郵局
嘉義民權路郵局",嘉義5支,嘉義市西區民權路467號,(05)227-3547,
,612013,005106-0,"太保郵局
太保郵局",嘉義6支,嘉義縣太保市春珠里春珠169-1號,(05)371-1040,
,600015,005107-3,"嘉義忠孝郵局
嘉義忠孝郵局",嘉義7支,嘉義市東區民權路208-1號,(05)278-3079,
,600074,005108-7,"嘉義北社郵局
嘉義北社郵局",嘉義8支,嘉義市西區北興街245號,(05)232-0200,
,608017,005109-1,"水上郵局
水上郵局",嘉義9支,嘉義縣水上鄉中興路356號,(05)268-2140,
,600072,005110-2005501-3,"嘉義玉山郵局
嘉義玉山郵局",嘉義10支,嘉義市西區中興路672號,(05)286-0153,
,608010,005111-6,"水上回歸郵局
水上回歸郵局",嘉義11支,嘉義縣水上鄉三和村新厝仔2之4號,(05)235-6840,
,600078,005112-0,"嘉義福全郵局
嘉義福全郵局",嘉義12支,嘉義市西區北港路55、57號,(05)233-4064,
,600013,005113-3,"嘉義東門郵局
嘉義東門郵局",嘉義13支,嘉義市東區中正路141號,(05)227-3549,
,602001,005114-7,"番路郵局
番路郵局",嘉義14支,嘉義縣番路鄉下坑村菜公店55號,(05)259-1105,
,600060,005115-1,"嘉義後湖郵局
嘉義後湖郵局",嘉義15支,嘉義市東區保建街30-5號,(05)277-1054,
,600026,005116-4,"嘉義興業路郵局
嘉義興業路郵局",嘉義16支,嘉義市東區興業東路12號(中油嘉義營業處內),(05)224-1450,
,600022,005117-8,"嘉義成功街郵局
嘉義成功街郵局",嘉義17支,嘉義市西區成功街112號,(05)228-7742,
,600040,005118-1,"嘉義彌陀郵局
嘉義彌陀郵局",嘉義18支,嘉義市東區彌陀路268號,(05)278-2918,
,600020,005119-5,"嘉義湖內郵局
嘉義湖內郵局",嘉義19支,嘉義市西區民生南路540號,(05)235-1175,
,600054,005120-7,"嘉義埤子頭郵局
嘉義埤子頭郵局",嘉義20支,嘉義市西區文化路456號,(05)232-3660,
,606013,005121-1,"中埔郵局
中埔郵局",嘉義21支,嘉義縣中埔鄉中埔村16鄰中埔167號,(05)253-1030,
,600355,005122-4,"嘉義大學郵局
嘉義大學郵局",嘉義22支,嘉義市東區學府路300號(嘉義大學內),(05)277-1612,
,606009,005123-8,"中埔後庄郵局
中埔後庄郵局",嘉義23支,嘉義縣中埔鄉和興村中華路889號,(05)239-4623,
,612004,005124-1,"太保南新郵局
太保南新郵局",嘉義24支,嘉義縣太保市北新里中山路1段470、472號,(05)237-2244,
,607041,005125-5,"大埔郵局
大埔郵局",嘉義25支,嘉義縣大埔鄉大埔村12鄰大埔262號之1,(05)252-1224,
,604008,005126-9,"竹崎郵局
竹崎郵局",嘉義26支,嘉義縣竹崎鄉中山路68號,(05)261-1042,
,604004,005127-2,"竹崎內埔郵局
竹崎內埔郵局",嘉義27支,嘉義縣竹崎鄉內埔村元興路127號,(05)254-1305,
,605001,005128-6,"阿里山郵局
阿里山郵局",嘉義28支,嘉義縣阿里山鄉中正村2鄰東阿里山53號,(05)267-9970,
,600061,005129-0,"嘉義林森郵局
嘉義林森郵局",嘉義29支,嘉義市東區林森東路488號,(05)276-6074,
,600033,005130-1,"嘉義興嘉郵局
嘉義興嘉郵局",嘉義30支,嘉義市西區南京路409號,(05)235-5047,
,612012,005131-5,"太保嘉太郵局
太保嘉太郵局",嘉義31支,嘉義縣太保市嘉太工業區中興路1號(嘉太工業區內),(05)238-1562,
,621002,005132-9005502-7,"民雄郵局
民雄郵局",嘉義32支,嘉義縣民雄鄉東榮村民族路17號,(05)226-2609,
,621018,005133-2,"民雄頭橋郵局
民雄頭橋郵局",嘉義33支,嘉義縣民雄鄉頭橋工業區工業一路2號(頭橋工業區內),(05)221-1075,
,621301,005134-6,"中正大學郵局
中正大學郵局",嘉義34支,嘉義縣民雄鄉三興村大學路1段168號,(05)272-0547,
,621016,005135-0,"民雄雙福郵局
民雄雙福郵局",嘉義35支,嘉義縣民雄鄉中山路7號(民雄工業區內),(05)221-9187,
,603004,005136-3,"梅山郵局
梅山郵局",嘉義36支,嘉義縣梅山鄉中山路109號,(05)262-1213,
,616009,005137-7,"新港郵局
新港郵局",嘉義37支,嘉義縣新港鄉宮前村中正路8號,(05)374-2130,
,615007,005139-4,"六腳蒜頭郵局
六腳蒜頭郵局",嘉義39支,嘉義縣六腳鄉蒜頭村9鄰蒜頭126之1號,(05)380-2029,
,613016,005140-6,"朴子長庚醫院郵局
朴子長庚醫院郵局",嘉義40支,嘉義縣朴子市嘉朴路西段8號1樓(長庚綜合醫學大樓1樓),(05)362-3947,
,624001,005141-0,"義竹郵局
義竹郵局",嘉義41支,嘉義縣義竹鄉仁里村11鄰義竹422-2號,(05)341-2049,
,625001,005142-3,"布袋郵局
布袋郵局",嘉義42支,嘉義縣布袋鎮九龍里入船路2號,(05)347-2050,
,625003,005143-7,"布袋過溝郵局
布袋過溝郵局",嘉義43支,嘉義縣布袋鎮中安里頂厝11號,(05)345-1401,
,625005,005144-1,"布袋大寮郵局
布袋大寮郵局",嘉義44支,嘉義縣布袋鎮東港里埔仔厝86號之1,(05)347-1860,
,625008,005145-4,"布袋新塭郵局
布袋新塭郵局",嘉義45支,嘉義縣布袋鎮復興里新塭24-17號,(05)343-2646,
,611001,005146-8,"鹿草郵局
鹿草郵局",嘉義46支,嘉義縣鹿草鄉西井村長壽路222號,(05)375-2007,
,613003,005147-1005503-1,"朴子郵局
朴子郵局",嘉義47支,嘉義縣朴子市光復路46號,(05)379-2130,
,613004,005148-5,"朴子海通路郵局
朴子海通路郵局",嘉義48支,嘉義縣朴子市永和里4-2號,(05)379-6291,
,614007,005149-9,"東石郵局
東石郵局",嘉義49支,嘉義縣東石鄉東石村13鄰東石34號,(05)373-2224,
,613016,005150-1,"朴子祥和郵局
朴子祥和郵局",嘉義50支,嘉義縣朴子市祥和二路西段6號,(05)362-0051,
,622002,005151-4,"大林郵局
大林郵局",嘉義51支,嘉義縣大林鎮平和街28-1號,(05)265-2107,
,604007,005152-8,"竹崎灣橋郵局
竹崎灣橋郵局",嘉義52支,嘉義縣竹崎鄉灣橋村五間厝3-1號,(05)279-0279,(05)279-0790
,600057,005153-1,"嘉義保安郵局
嘉義保安郵局",嘉義53支,嘉義市西區保安一路241號,(05)231-3810,
,623014,005154-5,"溪口郵局
溪口郵局",嘉義54支,嘉義縣溪口鄉中正路131號,(05)269-1132,
,622002,005155-9,"大林中山路郵局
大林中山路郵局",嘉義55支,嘉義縣大林鎮中山路232號,(05)265-2714,
,622011,005156-2,"大林大埔美郵局
大林大埔美郵局",嘉義56支,嘉義縣大林鎮大埔美園區三路99號(園區服務中心1樓),(05)295-2852,
,300191,006100-4006500-6,"新竹武昌街郵局
新竹武昌街郵局",新竹901支,新竹市東區北大路95號1樓,(03)521-5984,(03)525-0760
,300027,006101-8,"新竹東門郵局
新竹東門郵局",新竹1支,新竹市東區東門街51號,(03)522-9044,
,300044,006102-1,"清華大學郵局
清華大學郵局",新竹2支,新竹市東區光復路2段101號(清華大學第4綜合大樓),(03)571-7086,
,300195,006103-5,"新竹龍山西路郵局
新竹龍山西路郵局",新竹3支,新竹市東區龍山西路99號,(03)533-0441,
,300011,006104-9,"新竹光華街郵局
新竹光華街郵局",新竹4支,新竹市北區光華北街87號,(03)533-0945,
,300112,006105-2,"新竹內湖路郵局
新竹內湖路郵局",新竹5支,新竹市香山區內湖路68號,(03)537-4709,
,300024,006106-6,"新竹英明街郵局
新竹英明街郵局",新竹6支,新竹市北區英明街10號,(03)523-8365,
,300049,006107-0006501-0,"新竹關東橋郵局
新竹關東橋郵局",新竹7支,新竹市東區光復路1段313號,(03)577-2024,
,300077,006108-3,"新竹樹林頭郵局
新竹樹林頭郵局",新竹8支,新竹市北區東大路2段449號,(03)531-0204,
,300193,006109-7,"新竹學府路郵局
新竹學府路郵局",新竹9支,新竹市東區學府路128號,(03)571-8304,
,300076,006110-9,"新竹西門郵局
新竹西門郵局",新竹10支,新竹市北區北大路471號,(03)522-6574,
,300060,006111-2,"新竹牛埔郵局
新竹牛埔郵局",新竹11支,新竹市香山區牛埔南路42號,(03)538-0214,
,308001,006113-0,"寶山郵局
寶山郵局",新竹13支,新竹縣寶山鄉雙園路2段349號,(03)520-2268,
,300015,006114-3,"新竹文雅郵局
新竹文雅郵局",新竹14支,新竹市北區竹光路218號,(03)542-5157,
,300081,006115-7,"新竹西大路郵局
新竹西大路郵局",新竹15支,新竹市東區南大路428號,(03)524-3634,
,300191,006116-1,"新竹民主路郵局
新竹民主路郵局",新竹16支,新竹市東區民主路18號,(03)532-5070,
,300041,006117-4,"新竹東園郵局
新竹東園郵局",新竹17支,新竹市東區忠孝路434巷3號,(03)526-3320,
,300064,006118-8,"新竹南寮郵局
新竹南寮郵局",新竹18支,新竹市北區西濱路1段480號,(03)536-2225,
,300091,006119-1,"新竹科學園郵局
新竹科學園郵局",新竹19支,新竹市東區科學園區工業東二路2-1號,(03)578-3898,(03)577-2944
,300109,006120-3,"新竹三姓橋郵局
新竹三姓橋郵局",新竹20支,新竹市香山區中華路5段53號,(03)538-3031,
,300035,006121-7,"新竹南大路郵局
新竹南大路郵局",新竹21支,新竹市東區南大路621號,(03)525-7104,
,300007,006122-1,"新竹民生路郵局
新竹民生路郵局",新竹22支,新竹市東區民生路243號,(03)532-0020,
,300016,006123-4,"新竹經國路郵局
新竹經國路郵局",新竹23支,新竹市北區經國路2段56號1樓,(03)533-5063,
,300043,006124-8006502-3,"新竹建中郵局
新竹建中郵局",新竹24支,新竹市東區建中一路8號,(03)572-0704,
,300093,006125-1,"新竹陽明交大郵局
新竹陽明交大郵局",新竹25支,新竹市東區大學路1001號(陽明交通大學中正堂),(03)572-1274,
,300015,006126-5,"新竹南勢郵局
新竹南勢郵局",新竹26支,新竹市北區竹光路500號,(03)525-9463,
,305045,006127-9006503-7,"新埔郵局
新埔郵局",新竹27支,新竹縣新埔鎮中正路210號,(03)588-2134,
,305045,006128-2,"新埔中正郵局
新埔中正郵局",新竹28支,新竹縣新埔鎮中正路411號,(03)588-2644,
,302052,006129-6,"竹北嘉豐郵局
竹北嘉豐郵局",新竹29支,新竹縣竹北市福興東路二段138號,(03)550-9603,
,306001,006130-8006504-1,"關西郵局
關西郵局",新竹30支,新竹縣關西鎮正義路86號,(03)587-2147,
,300096,006132-5,"寶山大崎郵局
寶山大崎郵局",新竹32支,新竹縣寶山鄉大崎村園區三路103號,(03)563-8152,
,302011,006133-9006505-4,"竹北郵局
竹北郵局",新竹33支,新竹縣竹北市中正西路60號,(03)555-2207,
,302001,006134-2,"竹北中山郵局
竹北中山郵局",新竹34支,新竹縣竹北市中正東路42號,(03)552-9137,
,302045,006135-6,"竹北博愛郵局
竹北博愛郵局",新竹35支,新竹縣竹北市博愛街390號,(03)551-5848,
,302058,006136-0,"竹北六家郵局
竹北六家郵局",新竹36支,新竹縣竹北市嘉興路457號,(03)550-2090,
,302099,006137-3,"竹北光明郵局
竹北光明郵局",新竹37支,新竹縣竹北市縣政九路138號,(03)551-4198,
,303032,006138-7006506-8,"湖口郵局
湖口郵局",新竹38支,新竹縣湖口鄉忠孝路26號,(03)599-2036,(03)590-5814
,304108,006140-2006507-1,"新豐郵局
新豐郵局",新竹40支,新竹縣新豐鄉振興街12號,(03)559-3544,
,300110,006141-6,"中華大學郵局
中華大學郵局",新竹41支,新竹市香山區五褔路2段707號(中華大學行政大樓3樓),(03)537-7034,
,303102,006142-0,"湖口鳳凰郵局
湖口鳳凰郵局",新竹42支,新竹縣湖口鄉勝利路2段90-1號,(03)598-2403,
,304033,006143-3,"新豐山崎郵局
新豐山崎郵局",新竹43支,新竹縣新豐鄉泰安街26號,(03)559-3914,
,303106,006144-7,"湖口新工郵局
湖口新工郵局",新竹44支,新竹縣湖口鄉大勇路6號,(03)598-1274,
,302050,006145-1,"竹北成功郵局
竹北成功郵局",新竹45支,新竹縣竹北市成功八路166、168號,(03)667-0881,
,303119,006146-4,"湖口德盛郵局
湖口德盛郵局",新竹46支,新竹縣湖口鄉成功路100號,(03)590-0094,
,310007,006147-8006508-5,"竹東郵局
竹東郵局",新竹47支,新竹縣竹東鎮東林路128號,(03)596-2892,(03)596-1251
,307002,006148-1,"芎林郵局
芎林郵局",新竹48支,新竹縣芎林鄉文衡路426號,(03)592-2849,
,312002,006149-5,"橫山郵局
橫山郵局",新竹49支,新竹縣橫山鄉新興村新興街137號,(03)593-2951,
,312003,006150-7,"橫山內灣郵局
橫山內灣郵局",新竹50支,新竹縣橫山鄉內灣村中正路311號,(03)584-9174,
,311201,006151-1,"五峰郵局
五峰郵局",新竹51支,新竹縣五峰鄉大隘村6鄰五峰95號,(03)585-1103,
,310006,006152-4,"竹東下公館郵局
竹東下公館郵局",新竹52支,新竹縣竹東鎮東寧路1段77號,(03)596-5516,
,313001,006153-8,"尖石郵局
尖石郵局",新竹53支,新竹縣尖石鄉嘉樂村2鄰麥樹仁46號,(03)584-1274,
,310016,006154-1,"竹東二重埔郵局
竹東二重埔郵局",新竹54支,新竹縣竹東鎮中興路3段97號,(03)582-1136,
,310007,006155-5,"竹東長春郵局
竹東長春郵局",新竹55支,新竹縣竹東鎮長春路2段60號,(03)595-6993,
,310401,006156-9,"竹東工研院郵局
竹東工研院郵局",新竹56支,新竹縣竹東鎮中興路4段195號(工研院中興院區內),(03)591-6084,
,314299,006157-2,"北埔郵局
北埔郵局",新竹57支,新竹縣北埔鄉長興街1號,(03)580-2261,
,315299,006158-6,"峨眉郵局
峨眉郵局",新竹58支,新竹縣峨眉鄉成功街26號,(03)580-0284,
,900006,007100-1007500-2,"屏東民生路郵局
屏東民生路郵局",屏東901支,屏東縣屏東市民生路250號,(08)732-3310,
,900001,007102-8,"屏東林森路郵局
屏東林森路郵局",屏東2支,屏東縣屏東市林森路30-5號,(08)722-5848,
,900013,007104-5,"屏東北平路郵局
屏東北平路郵局",屏東4支,屏東縣屏東市北平路26號,(08)732-6608,
,900403,007105-9,"屏東崇蘭郵局
屏東崇蘭郵局",屏東5支,屏東縣屏東市廣東路990號,(08)733-0072,
,912006,007106-2,"內埔水門郵局
內埔水門郵局",屏東6支,屏東縣內埔鄉水門村成功路37號,(08)799-1145,
,900012,007107-6,"屏東大埔郵局
屏東大埔郵局",屏東7支,屏東縣屏東市民族路182-2號,(08)732-6609,
,909142,007108-0,"麟洛郵局
麟洛郵局",屏東8支,屏東縣麟洛鄉麟蹄村中山路292號,(08)722-2712,
,900005,007109-3,"屏東歸來郵局
屏東歸來郵局",屏東9支,屏東縣屏東市民生路61-7號,(08)722-4840,
,908128,007110-5,"長治郵局
長治郵局",屏東10支,屏東縣長治鄉進興村復興路68號,(08)736-8580,
,907101,007111-9,"鹽埔郵局
鹽埔郵局",屏東11支,屏東縣鹽埔鄉新二村彭厝路39號,(08)793-2247,
,901002,007112-2,"三地門郵局
三地門郵局",屏東12支,屏東縣三地門鄉三地村行政街3號,(08)799-1540,
,902003,007113-6,"霧台郵局
霧台郵局",屏東13支,屏東縣霧臺鄉霧台村中山巷66號,(08)790-2256,
,903001,007114-0,"瑪家郵局
瑪家郵局",屏東14支,屏東縣瑪家鄉涼山村2鄰涼山22之1號,(08)799-1543,
,900044,007115-3,"屏東永安郵局
屏東永安郵局",屏東15支,屏東縣屏東市棒球路57號1樓,(08)753-5942,
,900062,007116-7,"屏東海豐郵局
屏東海豐郵局",屏東16支,屏東縣屏東市海豐街36-4號,(08)736-7224,
,900048,007117-1,"屏東公館郵局
屏東公館郵局",屏東17支,屏東縣屏東市龍華路18號,(08)752-2521,
,900013,007118-4,"屏東中正路郵局
屏東中正路郵局",屏東18支,屏東縣屏東市中正路247號,(08)732-7905,
,900034,007119-8,"屏東廣東路郵局
屏東廣東路郵局",屏東19支,屏東縣屏東市廣東路458-5號,(08)737-5450,
,900067,007120-0,"屏東勝利路郵局
屏東勝利路郵局",屏東20支,屏東縣屏東市勝利路123號,(08)765-3774,
,900008,007121-3,"屏東六塊厝郵局
屏東六塊厝郵局",屏東21支,屏東縣屏東市光復路304號,(08)765-4356,
,900011,007122-7,"屏東厚生郵局
屏東厚生郵局",屏東22支,屏東縣屏東市建國路182號,(08)752-2841,
,908121,007123-1,"長治繁華郵局
長治繁華郵局",屏東23支,屏東縣長治鄉繁華村水源路90-1號,(08)762-2984,
,900045,007124-4,"屏東頭前溪郵局
屏東頭前溪郵局",屏東24支,屏東縣屏東市清進路559號,(08)752-0804,
,905006,007126-1,"里港郵局
里港郵局",屏東26支,屏東縣里港鄉春林村中山南路40號,(08)775-2057,
,905004,007127-5,"里港三和路郵局
里港三和路郵局",屏東27支,屏東縣里港鄉三廍村三和路127之1號,(08)773-2163,
,906006,007128-9,"高樹郵局
高樹郵局",屏東28支,屏東縣高樹鄉高樹村興中路327號,(08)796-2054,
,851001,007129-2,"茂林郵局
茂林郵局",屏東29支,高雄市茂林區茂林里1鄰茂林巷8之3號,(07)680-1156,
,913001,007130-4,"萬丹郵局
萬丹郵局",屏東30支,屏東縣萬丹鄉萬全村萬丹路1段402號,(08)777-2251,
,904007,007131-8,"九如郵局
九如郵局",屏東31支,屏東縣九如鄉東寧路190號,(08)739-2914,
,907104,007132-1,"鹽埔鹽中郵局
鹽埔鹽中郵局",屏東32支,屏東縣鹽埔鄉鹽中村勝利路81-2號,(08)793-5572,
,912007,007133-5,"內埔郵局
內埔郵局",屏東33支,屏東縣內埔鄉內埔村文化路277號,(08)779-2054,
,912011,007134-9,"內埔龍泉郵局
內埔龍泉郵局",屏東34支,屏東縣內埔鄉龍潭村昭勝路265號,(08)770-1221,
,912016,007135-2,"內埔豐田郵局
內埔豐田郵局",屏東35支,屏東縣內埔鄉豐田村中正路310號,(08)778-2229,
,912011,007136-6,"內埔建興郵局
內埔建興郵局",屏東36支,屏東縣內埔鄉建興村建興路100號(屏東榮家內),(08)770-2444,
,912301,007137-0,"內埔學府郵局
內埔學府郵局",屏東37支,屏東縣內埔鄉老埤村學府路1號(屏東科技大學內),(08)770-0625,
,913010,007138-3,"萬丹社皮郵局
萬丹社皮郵局",屏東38支,屏東縣萬丹鄉社皮村大昌路471號,(08)707-6110,
,940003,007139-7,"枋寮郵局
枋寮郵局",屏東39支,屏東縣枋寮鄉中山路194號,(08)878-2130,(08)878-5983
,940001,007140-9,"枋寮水底寮郵局
枋寮水底寮郵局",屏東40支,屏東縣枋寮鄉中山路二段256號,(08)871-2359,
,941011,007141-2,"枋山郵局
枋山郵局",屏東41支,屏東縣枋山鄉楓港村18鄰舊庄47號,(08)877-1219,
,942009,007142-6,"春日郵局
春日郵局",屏東42支,屏東縣春日鄉春日路13號,(08)878-6375,
,946002,007143-0,"恆春郵局
恆春郵局",屏東43支,屏東縣恆春鎮恆西路1巷32號,(08)889-8053,(08)889-2194
,946004,007145-7,"恆春墾丁郵局
恆春墾丁郵局",屏東45支,屏東縣恆春鎮墾丁路2號1樓,(08)886-1455,
,946002,007146-1,"恆春南門郵局
恆春南門郵局",屏東46支,屏東縣恆春鎮中正路51號,(08)889-9190,
,944013,007147-4,"車城郵局
車城郵局",屏東47支,屏東縣車城鄉福興村中山路54號,(08)882-1046,
,945012,007148-8,"牡丹郵局
牡丹郵局",屏東48支,屏東縣牡丹鄉石門村石門路31-3號,(08)883-1050,
,947017,007149-1,"滿州郵局
滿州郵局",屏東49支,屏東縣滿州鄉中山路25號,(08)880-1110,
,920002,007150-3,"潮州郵局
潮州郵局",屏東50支,屏東縣潮州鎮光春路13號,(08)788-4650,(08)788-2146
,920005,007151-7,"潮州新生路郵局
潮州新生路郵局",屏東51支,屏東縣潮州鎮新生路115號,(08)788-2934,
,923015,007152-1,"萬巒郵局
萬巒郵局",屏東52支,屏東縣萬巒鄉萬和村中正路10號,(08)781-2784,
,921021,007153-4,"泰武郵局
泰武郵局",屏東53支,屏東縣泰武鄉佳平村佳平巷102號,(08)783-2817,
,922020,007154-8,"來義郵局
來義郵局",屏東54支,屏東縣來義鄉古樓村中正路6號,(08)785-0064,
,920005,007155-1,"潮州南進路郵局
潮州南進路郵局",屏東55支,屏東縣潮州鎮長興路1-13、1-15號,(08)788-0525,
,926001,007156-5,"南州郵局
南州郵局",屏東56支,屏東縣南州鄉仁里村三民路9號,(08)864-2096,
,924004,007157-9,"崁頂郵局
崁頂郵局",屏東57支,屏東縣崁頂鄉崁頂村中正路220號,(08)863-1116,
,911164,007158-2,"竹田郵局
竹田郵局",屏東58支,屏東縣竹田鄉竹田村中山路28號,(08)771-2347,
,911162,007159-6,"竹田西勢郵局
竹田西勢郵局",屏東59支,屏東縣竹田鄉西勢村光明路12-1號,(08)779-7644,
,925022,007160-8,"新埤郵局
新埤郵局",屏東60支,屏東縣新埤鄉新埤村新華路123號,(08)797-1013,
,927001,007161-1,"林邊郵局
林邊郵局",屏東61支,屏東縣林邊鄉中林村中山路116號,(08)875-2152,
,931006,007162-5,"佳冬郵局
佳冬郵局",屏東62支,屏東縣佳冬鄉佳冬村佳和路86號,(08)866-2047,
,928001,007163-9,"東港中正路郵局
東港中正路郵局",屏東63支,屏東縣東港鎮頂新里中正路183號,(08)833-6257,(08)832-2140
,928007,007164-2,"東港郵局
東港郵局",屏東64支,屏東縣東港鎮光復路一段293號,(08)832-9468,
,932018,007165-6,"新園郵局
新園郵局",屏東65支,屏東縣新園鄉仙吉村仙吉路40號,(08)868-1047,
,932015,007166-0,"新園烏龍郵局
新園烏龍郵局",屏東66支,屏東縣新園鄉中洲村南興路106號,(08)832-9373,
,929001,007167-3,"琉球郵局
琉球郵局",屏東67支,屏東縣琉球鄉本福村中山路105號,(08)861-2507,
,500046,008100-7008500-9,"彰化中央路郵局
彰化中央路郵局",彰化901支,彰化縣彰化市中央路270號,(04)761-6690-229,(04)761-6690
,508018,008101-1008502-6,"和美郵局
和美郵局",彰化1支,彰化縣和美鎮彰美路五段331號,(04)755-2223,(04)755-4650
,503009,008102-4008503-0,"花壇郵局
花壇郵局",彰化2支,彰化縣花壇鄉中正路316號,(04)787-4640,(04)786-2049
,500017,008103-8,"彰化府前郵局
彰化府前郵局",彰化3支,彰化縣彰化市中山路二段377號,(04)722-7883,
,500004,008104-1,"彰化市仔尾郵局
彰化市仔尾郵局",彰化4支,彰化縣彰化市中正路一段214號,(04)722-9924,
,500022,008105-5,"彰化過溝仔郵局
彰化過溝仔郵局",彰化5支,彰化縣彰化市彰美路一段166號,(04)723-5319,
,502001,008106-9,"芬園郵局
芬園郵局",彰化6支,彰化縣芬園鄉芬草路二段225號,(049)252-2517,
,500006,008107-2,"彰化西門郵局
彰化西門郵局",彰化7支,彰化縣彰化市中華路369號,(04)722-1128,
,507003,008108-6,"線西郵局
線西郵局",彰化8支,彰化縣線西鄉和線路949號,(04)758-5624,
,500035,008109-0,"彰化台化郵局
彰化台化郵局",彰化9支,彰化縣彰化市中山路三段359號,(04)723-8021,
,508019,008110-1,"和美中寮郵局
和美中寮郵局",彰化10支,彰化縣和美鎮彰新路三段123、125號,(04)735-3397,
,500009,008111-5,"彰化南瑤郵局
彰化南瑤郵局",彰化11支,彰化縣彰化市中山路二段49號,(04)723-6849,
,500052,008112-9,"彰化中庄仔郵局
彰化中庄仔郵局",彰化12支,彰化縣彰化市彰南路一段115號,(04)732-1905,
,500054,008113-2,"彰化南郭郵局
彰化南郭郵局",彰化13支,彰化縣彰化市介壽北路88號,(04)711-4541,
,500207,008114-6,"彰化師大郵局
彰化師大郵局",彰化14支,彰化縣彰化市進德路1號(彰化師範大學進德校區內),(04)725-5700,
,500031,008115-0,"彰化莿桐腳郵局
彰化莿桐腳郵局",彰化15支,彰化縣彰化市彰水路35-7號,(04)752-4746,
,504001,008117-7,"秀水郵局
秀水郵局",彰化17支,彰化縣秀水鄉彰水路二段583號,(04)769-2024,
,509011,008118-1,"伸港郵局
伸港郵局",彰化18支,彰化縣伸港鄉中山路100號,(04)798-2139,
,500008,008119-4,"彰化曉陽郵局
彰化曉陽郵局",彰化19支,彰化縣彰化市民族路267號,(04)723-6215,
,500021,008120-6,"彰化永安街郵局
彰化永安街郵局",彰化20支,彰化縣彰化市永安街198號,(04)724-8790,
,500047,008121-0,"彰化大竹郵局
彰化大竹郵局",彰化21支,彰化縣彰化市彰南路二段209號,(04)738-6609,
,509004,008122-3,"伸港全興郵局
伸港全興郵局",彰化22支,彰化縣伸港鄉興工路67號(全興工業區服務中心內),(04)799-0818,
,500006,008123-7008504-3,"彰化光復路郵局
彰化光復路郵局",彰化23支,彰化縣彰化市和平路55號,(04)722-1130,
,514013,008124-1008505-7,"溪湖郵局
溪湖郵局",彰化24支,彰化縣溪湖鎮彰水路三段430號,(04)885-2142,
,516018,008125-4,"埔鹽郵局
埔鹽郵局",彰化25支,彰化縣埔鹽鄉彰水路二段100號,(04)865-9430,
,514010,008126-8,"溪湖湖西郵局
溪湖湖西郵局",彰化26支,彰化縣溪湖鎮大公路34號,(04)881-0642,
,505024,008127-1008506-1,"鹿港郵局
鹿港郵局",彰化27支,彰化縣鹿港鎮成功路1號,(04)778-0162,(04)777-2044
,506017,008128-5,"福興郵局
福興郵局",彰化28支,彰化縣福興鄉員鹿路二段184號,(04)777-5418,
,505022,008129-9,"鹿港頂番郵局
鹿港頂番郵局",彰化29支,彰化縣鹿港鎮鹿和路四段147號,(04)771-1673,
,505023,008130-1,"鹿港彰濱郵局
鹿港彰濱郵局",彰化30支,彰化縣鹿港鎮鹿草路一段449號,(04)777-0958,
,506027,008131-4,"福興福工郵局
福興福工郵局",彰化31支,彰化縣福興鄉福工路1號(福興工業區服務中心內),(04)769-6145,
,505001,008132-8,"鹿港草港郵局
鹿港草港郵局",彰化32支,彰化縣鹿港鎮頂草路四段406號,(04)771-2983,
,521032,008133-1008507-4,"北斗郵局
北斗郵局",彰化33支,彰化縣北斗鎮光復路226號,(04)888-2047,(04)887-0468
,523033,008134-5,"埤頭郵局
埤頭郵局",彰化34支,彰化縣埤頭鄉斗苑西路187號,(04)892-2044,
,522053,008135-9,"田尾郵局
田尾郵局",彰化35支,彰化縣田尾鄉光復路三段26號,(04)883-2425,
,523009,008136-2,"埤頭路口厝郵局
埤頭路口厝郵局",彰化36支,彰化縣埤頭鄉溪林路273號,(04)889-3404,
,524006,008137-6,"溪州郵局
溪州郵局",彰化37支,彰化縣溪州鄉中央路三段321號,(04)889-5039,
,526019,008138-0008508-8,"二林郵局
二林郵局",彰化38支,彰化縣二林鎮仁愛路707號,(04)896-4284,(04)896-0081
,527002,008139-3,"大城郵局
大城郵局",彰化39支,彰化縣大城鄉北平路35號,(04)894-1038,
,528014,008140-5,"芳苑郵局
芳苑郵局",彰化40支,彰化縣芳苑鄉斗苑路芳苑段231號,(04)898-3137,
,525001,008141-9,"竹塘郵局
竹塘郵局",彰化41支,彰化縣竹塘鄉竹林路一段366號,(04)897-2004,
,526007,008142-2,"二林萬興郵局
二林萬興郵局",彰化42支,彰化縣二林鎮二溪路六段290號,(04)868-2582,
,528010,008143-6,"芳苑王功郵局
芳苑王功郵局",彰化43支,彰化縣芳苑鄉芳漢路王功段300、302號,(04)893-6308,
,528008,008144-0,"芳苑草湖郵局
芳苑草湖郵局",彰化44支,彰化縣芳苑鄉建平村二溪路草二段462號,(04)886-1787,
,510004,008145-3008501-2,"員林郵局
員林郵局",彰化45支,彰化縣員林市員東路二段490號,(04)832-4541-18,(04)832-4541-12
,515009,008146-7,"大村郵局
大村郵局",彰化46支,彰化縣大村鄉大溪路2號,(04)852-2774,
,513011,008147-1,"埔心郵局
埔心郵局",彰化47支,彰化縣埔心鄉忠義北路70號,(04)829-1748,
,510034,008148-4,"員林員水路郵局
員林員水路郵局",彰化48支,彰化縣員林市員水路一段338號,(04)832-3744,
,510010,008149-8,"員林三橋郵局
員林三橋郵局",彰化49支,彰化縣員林市大同路二段137號,(04)833-6830,
,510018,008150-0,"員林西門郵局
員林西門郵局",彰化50支,彰化縣員林市新生路85號,(04)835-3980,
,512007,008151-3,"永靖郵局
永靖郵局",彰化51支,彰化縣永靖鄉永靖街27號,(04)822-1927,
,510005,008152-7,"員林南門郵局
員林南門郵局",彰化52支,彰化縣員林市中正路63、65號,(04)834-4597,
,513006,008153-1,"埔心太平郵局
埔心太平郵局",彰化53支,彰化縣埔心鄉中山路66、68號,(04)835-7508,
,510001,008154-4,"員林中正路郵局
員林中正路郵局",彰化54支,彰化縣員林市中正路457號,(04)834-9424,
,511004,008155-8,"社頭郵局
社頭郵局",彰化55支,彰化縣社頭鄉員集路二段195號,(04)873-2201,
,511010,008156-1,"社頭湳雅郵局
社頭湳雅郵局",彰化56支,彰化縣社頭鄉山腳路三段325號,(04)872-1038,
,530019,008157-5,"二水郵局
二水郵局",彰化57支,彰化縣二水鄉員集路三段741號,(04)879-0133,
,520002,008158-9008509-1,"田中郵局
田中郵局",彰化58支,彰化縣田中鎮員集路二段305號,(04)874-2140,
,520011,008159-2,"田中內灣郵局
田中內灣郵局",彰化59支,彰化縣田中鎮中南路二段430號,(04)875-0243,
,520002,008160-4,"田中三潭郵局
田中三潭郵局",彰化60支,彰化縣田中鎮員集路二段616號,(04)875-0242,
,508022,008161-8,"和美道周郵局
和美道周郵局",彰化61支,彰化縣和美鎮山犁里道周路458、460號,(04)755-3527,
,970013,009100-3009500-5,"花蓮國安郵局
花蓮國安郵局",花蓮901支,花蓮縣花蓮市中山路408號,(03)833-1141-278,(03)833-1141-220
,970008,009101-7,"花蓮舊車站郵局
花蓮舊車站郵局",花蓮1支,花蓮縣花蓮市中山路92號,(03)835-3773,
,970003,009102-1,"花蓮南京街郵局
花蓮南京街郵局",花蓮2支,花蓮縣花蓮市南京街221號,(03)832-3307,
,971053,009104-8,"新城北埔郵局
新城北埔郵局",花蓮4支,花蓮縣新城鄉大漢村光復路578號,(03)826-6674,
,972003,009105-1,"秀林天祥郵局
秀林天祥郵局",花蓮5支,花蓮縣秀林鄉富世村天祥21號,(03)869-1128,
,971001,009106-5,"新城郵局
新城郵局",花蓮6支,花蓮縣新城鄉新城村中山路45號,(03)861-1629,
,970020,009107-9,"花蓮府前路郵局
花蓮府前路郵局",花蓮7支,花蓮縣花蓮市府前路146號,(03)822-2824,
,973044,009108-2,"吉安郵局
吉安郵局",花蓮8支,花蓮縣吉安鄉慶豐村吉安路二段280號,(03)852-1279,
,970020,009109-6,"花蓮下美崙郵局
花蓮下美崙郵局",花蓮9支,花蓮縣花蓮市民權路132號,(03)822-2441,
,973060,009110-8,"吉安仁里郵局
吉安仁里郵局",花蓮10支,花蓮縣吉安鄉仁里村中正路一段48號,(03)852-0442,
,970019,009111-1,"花蓮港務局郵局
花蓮港務局郵局",花蓮11支,花蓮縣花蓮市民權路27號,(03)835-9244,
,972005,009112-5,"秀林和平郵局
秀林和平郵局",花蓮12支,花蓮縣秀林鄉和平村3鄰和平113號,(03)868-1062,
,970004,009113-9,"花蓮中華路郵局
花蓮中華路郵局",花蓮13支,花蓮縣花蓮市中華路335-5號,(03)835-5279,
,970029,009114-2,"花蓮富國路郵局
花蓮富國路郵局",花蓮14支,花蓮縣花蓮市富國路52號,(03)857-7820,
,974007,009115-6,"壽豐郵局
壽豐郵局",花蓮15支,花蓮縣壽豐鄉壽豐村中山路六段57號,(03)865-1020,
,974005,009116-0,"壽豐豐田郵局
壽豐豐田郵局",花蓮16支,花蓮縣壽豐鄉豐山村中山路127巷16弄5號,(03)865-2626,
,974007,009117-3,"壽豐志學郵局
壽豐志學郵局",花蓮17支,花蓮縣壽豐鄉志學村中山路二段202號,(03)866-1626,
,973049,009118-7,"吉安宜昌郵局
吉安宜昌郵局",花蓮18支,花蓮縣吉安鄉中華路二段83號,(03)852-8673,
,970009,009119-1,"花蓮中山路郵局
花蓮中山路郵局",花蓮19支,花蓮縣花蓮市中山路188號,(03)832-3279,
,970304,009120-2,"花蓮師院郵局
花蓮師院郵局",花蓮20支,花蓮縣花蓮市華西路123號,(03)822-5374,
,973041,009121-6,"吉安太昌郵局
吉安太昌郵局",花蓮21支,花蓮縣吉安鄉永安村吉安路一段35號,(03)856-8217,
,975005,009122-0,"鳳林郵局
鳳林郵局",花蓮22支,花蓮縣鳳林鎮光復路14號,(03)876-2108,
,975003,009123-3,"鳳林萬榮郵局
鳳林萬榮郵局",花蓮23支,花蓮縣鳳林鎮長橋路133號,(03)875-1234,
,975002,009124-7,"鳳林林榮郵局
鳳林林榮郵局",花蓮24支,花蓮縣鳳林鎮林榮路165號,(03)877-1731,
,976006,009125-1,"光復郵局
光復郵局",花蓮25支,花蓮縣光復鄉中正路一段124號,(03)870-1048,
,977004,009127-8,"豐濱郵局
豐濱郵局",花蓮27支,花蓮縣豐濱鄉光豐路48號,(03)879-1192,
,976003,009128-1,"光復富田郵局
光復富田郵局",花蓮28支,花蓮縣光復鄉富田一街36號之1,(03)870-1661,
,978001,009129-5,"瑞穗郵局
瑞穗郵局",花蓮29支,花蓮縣瑞穗鄉中山路一段120號,(03)887-2134,
,978003,009130-7,"瑞穗富源郵局
瑞穗富源郵局",花蓮30支,花蓮縣瑞穗鄉富源村中正路88號,(03)881-1035,
,981002,009131-1009501-9,"玉里郵局
玉里郵局",花蓮31支,花蓮縣玉里鎮光復路111號,(03)888-2177,
,981002,009132-4,"玉里泰昌郵局
玉里泰昌郵局",花蓮32支,花蓮縣玉里鎮中山路二段139號,(03)888-2593,
,982009,009133-8,"卓溪郵局
卓溪郵局",花蓮33支,花蓮縣卓溪鄉中正路61-1號,(03)888-3747,
,981010,009134-1,"玉里三民郵局
玉里三民郵局",花蓮34支,花蓮縣玉里鎮三民里11鄰三民90之3號,(03)884-1334,
,981002,009135-5,"玉里新興郵局
玉里新興郵局",花蓮35支,花蓮縣玉里鎮新興街91號(玉里榮民醫院內),(03)888-8321,
,983001,009136-9,"富里郵局
富里郵局",花蓮36支,花蓮縣富里鄉中山路169號,(03)883-1053,
,983004,009137-2,"富里東里郵局
富里東里郵局",花蓮37支,花蓮縣富里鄉東里村道化路9號,(03)886-1601,
,971209,009138-6,"花蓮空軍基地郵局
花蓮空軍基地郵局",花蓮38支,花蓮縣新城鄉嘉新村花師街37號(花蓮空軍基地內),(03)822-3953,
,974301,009139-0,"壽豐東華大學郵局
壽豐東華大學郵局",花蓮39支,花蓮縣壽豐鄉志學村大學路二段1號(東華大學內),(03)863-0169,
,830072,010100-3004501-7,"鳳山郵局
鳳山郵局",高雄96支,高雄市鳳山區中山東路86-2號,(07)746-2446-605、606,(07)746-2446-602、603
,830251,010101-7,"陸軍官校郵局
陸軍官校郵局",高雄97支,高雄市鳳山區維武路1號(陸軍官校內),(07)741-4947,
,833173,010102-1,"鳥松郵局
鳥松郵局",高雄98支,高雄市鳥松區中正路311號,(07)732-1811,
,807037,010103-4,"澄清湖郵局
澄清湖郵局",高雄99支,高雄市三民區澄清路643號,(07)767-0929,
,824005,010104-8,"燕巢義大醫院郵局
燕巢義大醫院郵局",高雄100支,高雄市燕巢區義大路1號(義大醫院內),(07)615-4282,
,830252,010105-1,"鳳山行政中心郵局
鳳山行政中心郵局",高雄101支,高雄市鳳山區光復路2段132號(高雄市政府鳳山行政中心內),(07)742-0218,
,830002,010106-5,"鳳山文山郵局
鳳山文山郵局",高雄102支,高雄市鳳山區文衡路236號,(07)776-8544,
,831140,010107-9,"大寮郵局
大寮郵局",高雄103支,高雄市大寮區鳳林三路530號,(07)782-8723,(07)781-6684
,830021,010108-2,"鳳山大東郵局
鳳山大東郵局",高雄104支,高雄市鳳山區大東一路122、124號,(07)746-6936,
,830056,010109-6,"鳳山五甲郵局
鳳山五甲郵局",高雄105支,高雄市鳳山區五甲三路45號,(07)821-7661,(07)831-7414
,831141,010111-1,"大寮中庄郵局
大寮中庄郵局",高雄107支,高雄市大寮區鳳屏一路370、372號,(07)701-2348,(07)701-0076
,830047,010113-9,"鳳山一甲郵局
鳳山一甲郵局",高雄108支,高雄市鳳山區五甲二路87、89、91號,(07)711-1930,
,830023,010114-2,"鳳山鳳松路郵局
鳳山鳳松路郵局",高雄109支,高雄市鳳山區鳳松路11號,(07)742-5490,
,831121,010115-6,"大寮中興郵局
大寮中興郵局",高雄110支,高雄市大寮區鳳林四路34至38號,(07)782-5018,
,830035,010116-0,"鳳山新甲郵局
鳳山新甲郵局",高雄111支,高雄市鳳山區大明路39、41號,(07)766-0079,
,833163,010118-7,"鳥松仁美郵局
鳥松仁美郵局",高雄112支,高雄市鳥松區學堂路89號,(07)731-1412,
,830523,010119-1,"鳳山新富郵局
鳳山新富郵局",高雄113支,高雄市鳳山區新富路391號,(07)763-2485,
,840202,010120-2,"大樹九曲堂郵局
大樹九曲堂郵局",高雄114支,高雄市大樹區中興街143號,(07)651-2051,
,840201,010121-6004512-5,"大樹郵局
大樹郵局",高雄115支,高雄市大樹區中興西路40號,(07)651-0464,(07)651-2314
,831132,010122-0,"大寮大發郵局
大寮大發郵局",高雄116支,高雄市大寮區大寮路767、769號,(07)787-9688,
,830024,010123-3004513-9,"鳳山三民路郵局
鳳山三民路郵局",高雄117支,高雄市鳳山區三民路289號,(07)745-2124,(07)745-8617
,832008,010124-7004514-2,"林園郵局
林園郵局",高雄118支,高雄市林園區鳳林路1段176號,(07)641-2106,(07)641-0828
,832001,010125-1,"林園三庄郵局
林園三庄郵局",高雄119支,高雄市林園區林內路153號,(07)641-1223,
,832008,010126-4,"林園福興郵局
林園福興郵局",高雄120支,高雄市林園區福興街104號,(07)643-1863,
,833253,010127-8,"鳥松長庚醫院郵局
鳥松長庚醫院郵局",高雄121支,高雄市鳥松區大埤路125號(長庚兒童醫院內),(07)733-2527,
,830699,010128-1,"鳳山中崙郵局
鳳山中崙郵局",高雄122支,高雄市鳳山區中崙路576號,(07)753-6919,
,830679,010129-5,"鳳山過埤郵局
鳳山過埤郵局",高雄123支,高雄市鳳山區過勇路156、158號,(07)792-1753,
,830008,010130-7,"鳳山鎮北郵局
鳳山鎮北郵局",高雄124支,高雄市鳳山區經武路166、168號,(07)790-1455,
,842056,010131-1004502-1,"旗山郵局
旗山郵局",高雄125支,高雄市旗山區延平一路690號,(07)661-2102,(07)661-2788
,842044,010132-4,"旗山旗尾郵局
旗山旗尾郵局",高雄126支,高雄市旗山區延平二路8、10號,(07)661-4790,
,842057,010133-8,"旗山大洲郵局
旗山大洲郵局",高雄127支,高雄市旗山區旗南二路192-1號,(07)666-1005,
,842058,010134-1,"旗山圓潭郵局
旗山圓潭郵局",高雄128支,高雄市旗山區旗甲路2段354號,(07)669-1450,
,845052,010135-5,"內門郵局
內門郵局",高雄129支,高雄市內門區內豊里內埔121號,(07)667-1271,
,846054,010136-9,"杉林郵局
杉林郵局",高雄130支,高雄市杉林區山仙路26號,(07)677-1163,
,842057,010137-2,"旗山四保郵局
旗山四保郵局",高雄131支,高雄市旗山區中山路242號,(07)661-3838,
,843001,010138-6004515-6,"美濃郵局
美濃郵局",高雄132支,高雄市美濃區中正路1段39號,(07)681-9051,(07)681-2158
,843009,010139-0,"美濃中壇郵局
美濃中壇郵局",高雄133支,高雄市美濃區中興路1段788號,(07)681-3014,
,847002,010140-1,"甲仙郵局
甲仙郵局",高雄134支,高雄市甲仙區林森路42號,(07)675-1042,
,849001,010141-5,"那瑪夏郵局
那瑪夏郵局",高雄135支,高雄市那瑪夏區達卡努瓦里大光巷230號,(07)670-1138,
,844001,010142-9,"六龜郵局
六龜郵局",高雄136支,高雄市六龜區光復路173號,(07)689-1046,
,848001,010143-2,"桃源郵局
桃源郵局",高雄137支,高雄市桃源區桃源里南進巷182號,(07)686-1141,
,844007,010144-6,"六龜寶來郵局
六龜寶來郵局",高雄138支,高雄市六龜區寶來街18-1號,(07)688-1420,
,820011,010145-0004503-4,"岡山郵局
岡山郵局",高雄139支,高雄市岡山區民有路68號,(07)621-2462,(07)621-2461
,820009,010146-3,"空軍通校郵局
空軍通校郵局",高雄140支,高雄市岡山區介壽西路198號〈空軍航空技術學院內〉,(07)625-1614,
,825008,010148-1,"橋頭郵局
橋頭郵局",高雄142支,高雄市橋頭區橋頭路113號,(07)611-3602,(07)612-1967
,820115,010149-4,"空軍機校郵局
空軍機校郵局",高雄143支,高雄市岡山區巨輪路2號〈空軍航空技術學院內〉,(07)625-8391,
,827010,010150-6,"彌陀郵局
彌陀郵局",高雄144支,高雄市彌陀區中正路7號,(07)617-8124,
,824001,010151-0,"燕巢郵局
燕巢郵局",高雄145支,高雄市燕巢區中民路621號,(07)616-1164,
,824005,010152-3,"燕巢鳳山厝郵局
燕巢鳳山厝郵局",高雄146支,高雄市燕巢區鳳旗路39號,(07)615-3670,
,826001,010153-7,"梓官郵局
梓官郵局",高雄147支,高雄市梓官區中崙路260號,(07)617-2484,
,828114,010154-1,"永安郵局
永安郵局",高雄148支,高雄市永安區永華路15號,(07)691-2285,
,826006,010155-4,"梓官蚵子寮郵局
梓官蚵子寮郵局",高雄149支,高雄市梓官區港九街68號,(07)610-1014,
,823004,010156-8,"田寮郵局
田寮郵局",高雄150支,高雄市田寮區崗北路61號,(07)636-1675,
,822201,010157-1004516-0,"阿蓮郵局
阿蓮郵局",高雄151支,高雄市阿蓮區民生路101號,(07)631-2140,
,820002,010158-5,"岡山平和路郵局
岡山平和路郵局",高雄152支,高雄市岡山區平和路65號,(07)621-2584,
,820004,010159-9,"岡山仁壽路郵局
岡山仁壽路郵局",高雄153支,高雄市岡山區仁壽路215號,(07)625-4554,
,820105,010160-1,"岡山五甲尾郵局
岡山五甲尾郵局",高雄154支,高雄市岡山區嘉興路255號,(07)622-7841,
,828106,010161-4,"永安竹仔港郵局
永安竹仔港郵局",高雄155支,高雄市永安區永工二路1號,(07)621-4448,
,829201,010162-8004517-3,"湖內郵局
湖內郵局",高雄156支,高雄市湖內區中正路2段13號,(07)699-3057,
,829208,010163-1,"湖內大湖郵局
湖內大湖郵局",高雄157支,高雄市湖內區民權路243號,(07)693-3246,
,852202,010164-5,"茄萣郵局
茄萣郵局",高雄158支,高雄市茄萣區進學路158號,(07)690-0206,
,821006,010165-9004518-7,"路竹郵局
路竹郵局",高雄159支,高雄市路竹區中興路11號,(07)696-2311,(07)696-8012
,821013,010166-2,"路竹竹南郵局
路竹竹南郵局",高雄160支,高雄市路竹區中山路1097號,(07)696-2804,
,821004,010167-6,"路竹一甲郵局
路竹一甲郵局",高雄161支,高雄市路竹區大智路60號,(07)696-6896,
,820118,010168-0,"岡山大仁郵局
岡山大仁郵局",高雄162支,高雄市岡山區大仁路89號,(07)624-3043,
,260004,011100-0011500-1,"宜蘭中山路郵局
宜蘭中山路郵局",宜蘭901支,宜蘭縣宜蘭市中山路3段130號,(03)932-4133,(03)932-6727
,260026,011101-3,"宜蘭金六結郵局
宜蘭金六結郵局",宜蘭1支,宜蘭縣宜蘭市復興路3段100號,(03)936-8142,
,260009,011102-7,"宜蘭渭水路郵局
宜蘭渭水路郵局",宜蘭2支,宜蘭縣宜蘭市中山路2段275號,(03)932-5072,
,264019,011103-1,"員山郵局
員山郵局",宜蘭3支,宜蘭縣員山鄉員山路1段299號,(03)922-5073,
,264018,011104-4,"員山內城郵局
員山內城郵局",宜蘭4支,宜蘭縣員山鄉榮光路353號,(03)922-1096,
,260004,011105-8,"宜蘭西後街郵局
宜蘭西後街郵局",宜蘭5支,宜蘭縣宜蘭市西後街2-1號,(03)932-9185,
,263027,011106-1,"壯圍郵局
壯圍郵局",宜蘭6支,宜蘭縣壯圍鄉壯五路327號,(03)938-1705,
,260024,011108-9,"宜蘭東港路郵局
宜蘭東港路郵局",宜蘭8支,宜蘭縣宜蘭市東港路2段216號,(03)938-5638,
,260021,011109-2,"宜蘭大坡路郵局
宜蘭大坡路郵局",宜蘭9支,宜蘭縣宜蘭市大坡路2段225號,(03)928-3195,
,260007,011110-4,"宜蘭大學郵局
宜蘭大學郵局",宜蘭10支,宜蘭縣宜蘭市神農路1段1號(宜蘭大學內，面向農權路2段上),(03)935-6052,
,261008,011111-8,"頭城郵局
頭城郵局",宜蘭11支,宜蘭縣頭城鎮民鋒路15號,(03)977-1170,(03)977-8127
,261005,011112-1,"頭城大溪港郵局
頭城大溪港郵局",宜蘭12支,宜蘭縣頭城鎮濱海路5段153號,(03)978-1136,
,261007,011113-5,"頭城頂埔郵局
頭城頂埔郵局",宜蘭13支,宜蘭縣頭城鎮青雲路2段299號,(03)977-5470,
,262003,011114-9,"礁溪郵局
礁溪郵局",宜蘭14支,宜蘭縣礁溪鄉礁溪路4段130號,(03)988-2203,
,262005,011115-2,"礁溪四城郵局
礁溪四城郵局",宜蘭15支,宜蘭縣礁溪鄉站前路19號,(03)928-2830,
,262002,011116-6,"礁溪湯仔城郵局
礁溪湯仔城郵局",宜蘭16支,宜蘭縣礁溪鄉中山路2段196號,(03)988-7951,
,260011,011117-0,"宜蘭縣政府郵局
宜蘭縣政府郵局",宜蘭17支,宜蘭縣宜蘭市縣政北路1號(宜蘭縣政府內),(03)925-2917,
,270001,011118-3,"蘇澳郵局
蘇澳郵局",宜蘭18支,宜蘭縣蘇澳鎮中山路1段1號,(03)996-2165,
,270002,011119-7,"蘇澳南方澳郵局
蘇澳南方澳郵局",宜蘭19支,宜蘭縣蘇澳鎮江夏路13號,(03)996-2754,
,270008,011120-9,"蘇澳港邊里郵局
蘇澳港邊里郵局",宜蘭20支,宜蘭縣蘇澳鎮蘇濱路1段301號(蘇澳榮民醫院內),(03)990-4792,
,270015,011121-2,"蘇澳馬賽郵局
蘇澳馬賽郵局",宜蘭21支,宜蘭縣蘇澳鎮大同路226號,(03)990-2818,
,270004,011122-6,"蘇澳蘇西里郵局
蘇澳蘇西里郵局",宜蘭22支,宜蘭縣蘇澳鎮中山路1段253號,(03)996-1791,
,272006,011123-0,"蘇澳東澳路郵局
蘇澳東澳路郵局",宜蘭23支,宜蘭縣南澳鄉蘇花路3段171號,(03)998-6190,
,272017,011124-3,"南澳郵局
南澳郵局",宜蘭24支,宜蘭縣南澳鄉蘇花路2段351號,(03)998-1047,
,265001,011125-7011501-5,"羅東郵局
羅東郵局",宜蘭25支,宜蘭縣羅東鎮興東路69號,(03)954-2242,(03)955-1715
,268021,011126-1,"五結二結郵局
五結二結郵局",宜蘭26支,宜蘭縣五結鄉二結路27號,(03)965-3907,
,269027,011127-4,"冬山郵局
冬山郵局",宜蘭27支,宜蘭縣冬山鄉冬山路177號,(03)959-3908,
,265006,011128-8,"羅東南門郵局
羅東南門郵局",宜蘭28支,宜蘭縣羅東鎮中正南路102號,(03)954-8831,
,265010,011129-1,"羅東大同路郵局
羅東大同路郵局",宜蘭29支,宜蘭縣羅東鎮大同路44-6號,(03)954-8834,
,268019,011130-3,"五結郵局
五結郵局",宜蘭30支,宜蘭縣五結鄉自強路165、167號,(03)950-5652,
,269023,011131-7,"冬山群英郵局
冬山群英郵局",宜蘭31支,宜蘭縣冬山鄉義成路3段482號,(03)958-8842,
,268015,011132-1,"五結利澤郵局
五結利澤郵局",宜蘭32支,宜蘭縣五結鄉利成路2段468號,(03)950-2023,
,265004,011133-4,"羅東西門郵局
羅東西門郵局",宜蘭33支,宜蘭縣羅東鎮中山路4段235號,(03)951-1690,
,265013,011134-8,"羅東竹林郵局
羅東竹林郵局",宜蘭34支,宜蘭縣羅東鎮復興路2段193號,(03)956-3547,
,266008,011135-1,"三星郵局
三星郵局",宜蘭35支,宜蘭縣三星鄉太平路134號,(03)989-2014,
,267002,011136-5,"大同郵局
大同郵局",宜蘭36支,宜蘭縣大同鄉崙埤村泰雅路1段58號,(03)980-1127,
,330005,012100-6012500-8,"桃園成功路郵局
桃園成功路郵局",桃園901支,桃園市桃園區成功路一段51號,(03)334-6077,(03)337-9648
,333003,012101-0,"龜山大崗郵局
龜山大崗郵局",桃園1支,桃園市龜山區大崗里新興街99號,(03)328-3892,(03)328-2695
,334027,012102-3012501-1,"八德大湳郵局
八德大湳郵局",桃園2支,桃園市八德區介壽路一段842號,(03)362-0477,(03)361-9534
,334028,012103-7,"八德郵局
八德郵局",桃園3支,桃園市八德區建國路18號,(03)368-1697,
,330002,012104-1,"桃園民生路郵局
桃園民生路郵局",桃園4支,桃園市桃園區民生路246-1號,(03)334-9833,(03)334-2148
,333019,012105-4012504-2,"龜山郵局
龜山郵局",桃園5支,桃園市龜山區豐美街2-1號,(03)320-4924,(03)320-2631
,333035,012106-8,"龜山民安街郵局
龜山民安街郵局",桃園6支,桃園市龜山區民安街120號,(03)319-2253,
,330025,012107-1,"桃園南門郵局
桃園南門郵局",桃園7支,桃園市桃園區中山路362號,(03)334-2081,
,330427,012108-5,"桃園大樹林郵局
桃園大樹林郵局",桃園8支,桃園市桃園區大誠路9號,(03)361-9880,
,338019,012109-9012502-5,"蘆竹郵局
蘆竹郵局",桃園9支,桃園市蘆竹區南山路一段105號,(03)352-4630,(03)322-6258
,330033,012110-1,"桃園茄苳郵局
桃園茄苳郵局",桃園10支,桃園市桃園區龍安街12號,(03)369-1274,
,330005,012111-4,"桃園東埔郵局
桃園東埔郵局",桃園11支,桃園市桃園區中正二街15號,(03)332-1928,(03)336-2447
,330038,012112-8,"桃園中路郵局
桃園中路郵局",桃園12支,桃園市桃園區壽昌街20巷27-1號及27-2號,(03)220-2871,
,330022,012113-1,"桃園水汴頭郵局
桃園水汴頭郵局",桃園13支,桃園市桃園區春日路1360號,(03)325-1039,
,330042,012114-5,"桃園福林郵局
桃園福林郵局",桃園14支,桃園市桃園區介壽路316及316-1號,(03)361-6942,
,330060,012115-9,"桃園永安郵局
桃園永安郵局",桃園15支,桃園市桃園區永安路365號,(03)333-8620,
,330048,012116-2,"桃園桃鶯郵局
桃園桃鶯郵局",桃園16支,桃園市桃園區桃鶯路354、356號,(03)362-2243,
,333423,012117-6,"龜山樂善郵局
龜山樂善郵局",桃園17支,桃園市龜山區復興街5號(林口長庚醫院內),(03)328-2459,
,334007,012118-0,"八德更寮腳郵局
八德更寮腳郵局",桃園18支,桃園市八德區介壽路2段1030號,(03)368-4554,
,333026,012119-3,"龜山迴龍郵局
龜山迴龍郵局",桃園19支,桃園市龜山區萬壽路1段374、376號,(02)8209-4775,
,330023,012120-5,"桃園大業郵局
桃園大業郵局",桃園20支,桃園市桃園區大有路466、468號,(03)358-8316,
,330026,012121-9012505-6,"桃園府前郵局
桃園府前郵局",桃園21支,桃園市桃園區縣府路326、328、330號,(03)338-9165,(03)336-3087
,334015,012122-2,"八德高城郵局
八德高城郵局",桃園22支,桃園市八德區永豐路581號,(03)369-6483,
,330042,012123-6,"桃園建國郵局
桃園建國郵局",桃園23支,桃園市桃園區建國路156-8號,(03)362-8380,
,334006,012124-0,"八德麻園郵局
八德麻園郵局",桃園24支,桃園市八德區介壽路2段298號,(03)367-8344,
,333007,012125-3,"龜山文化郵局
龜山文化郵局",桃園25支,桃園市龜山區文化里文昌一街102號,(03)328-2617,
,338011,012126-7,"蘆竹山腳郵局
蘆竹山腳郵局",桃園26支,桃園市蘆竹區南山路3段270、272號,(03)324-1724,
,338026,012127-1,"蘆竹大竹郵局
蘆竹大竹郵局",桃園27支,桃園市蘆竹區大竹路385號,(03)323-2214,
,333322,012128-4,"龜山誠園郵局
龜山誠園郵局",桃園28支,桃園市龜山區樹人路56號,(03)328-5100,
,338217,012129-8,"蘆竹錦興郵局
蘆竹錦興郵局",桃園29支,桃園市蘆竹區南崁路1段190號,(03)322-5841,
,330008,012130-0,"桃園慈文郵局
桃園慈文郵局",桃園30支,桃園市桃園區經國路280、286號,(03)355-2745,
,337017,012131-3012506-0,"大園郵局
大園郵局",桃園31支,桃園市大園區中華路2號,(03)386-2071,
,337004,012132-7,"大園埔心街郵局
大園埔心街郵局",桃園32支,桃園市大園區埔心街50號,(03)381-3510,
,337013,012133-1,"大園菓林郵局
大園菓林郵局",桃園33支,桃園市大園區菓林里3鄰菓林路99號,(03)383-6423,
,337041,012135-8,"臺灣桃園國際機場郵局
臺灣桃園國際機場郵局",桃園35支,桃園市大園區航站南路9號(臺灣桃園國際機場第二航站大廈1樓),(03)393-1701,(03)383-4603
,333323,012136-1,"龜山長庚大學郵局
龜山長庚大學郵局",桃園36支,桃園市龜山區文化一路259號(長庚大學活動中心內),(03)211-8633,
,335015,012137-5012507-3,"大溪郵局
大溪郵局",桃園37支,桃園市大溪區康莊路210號,(03)388-2141,
,338202,012138-9,"蘆竹光明郵局
蘆竹光明郵局",桃園38支,桃園市蘆竹區南福街187、189號,(03)212-8331,
,336041,012139-2,"復興郵局
復興郵局",桃園39支,桃園市復興區中正路62號,(03)382-2307,
,335001,012140-4,"大溪僑愛郵局
大溪僑愛郵局",桃園40支,桃園市大溪區介壽路42、44號,(03)380-1694,
,335002,012141-8,"大溪崎頂郵局
大溪崎頂郵局",桃園41支,桃園市大溪區介壽路890號,(03)380-1742,
,335008,012142-1,"大溪員樹林郵局
大溪員樹林郵局",桃園42支,桃園市大溪區齋明街1號,(03)380-1300,
,335004,012143-5,"大溪南興郵局
大溪南興郵局",桃園43支,桃園市大溪區仁和路2段126號,(03)380-1520,
,320014,012194-1,"中壢青埔郵局
中壢青埔郵局",桃園94支,桃園市中壢區高鐵南路2段289號,(03)287-5710,
,330031,012195-5,"桃園國際路郵局
桃園國際路郵局",桃園95支,"桃園市桃園區國際路2段587,589號",(03)301-9151,
,420772,014100-9002502-8,"豐原郵局
豐原郵局",臺中72支,臺中市豐原區豐西街66號,(04)2527-1140,
,429773,014101-2,"神岡郵局
神岡郵局",臺中73支,臺中市神岡區神岡路4號,(04)2562-2092,
,422774,014102-6,"石岡郵局
石岡郵局",臺中74支,臺中市石岡區石岡街86號,(04)2572-2960,
,420775,014103-0,"豐原中山路郵局
豐原中山路郵局",臺中75支,臺中市豐原區大明路12號,(04)2524-4282,
,420776,014104-3,"豐原三民路郵局
豐原三民路郵局",臺中76支,臺中市豐原區三民路108號,(04)2522-7074,
,433777,014105-7,"沙鹿北勢郵局
沙鹿北勢郵局",臺中77支,臺中市沙鹿區東晉路253號,(04)2631-3524,
,429778,014106-1,"神岡圳堵郵局
神岡圳堵郵局",臺中78支,臺中市神岡區神清路273號,(04)2562-2957,
,420779,014107-4,"豐原南陽郵局
豐原南陽郵局",臺中79支,臺中市豐原區圓環東路402號,(04)2524-5424,
,420780,014108-8,"豐原翁子郵局
豐原翁子郵局",臺中80支,臺中市豐原區豐勢路一段576、578號,(04)2524-4650,
,429781,014109-1,"神岡社口郵局
神岡社口郵局",臺中81支,臺中市神岡區中山路611號,(04)2562-1779,
,420783,014111-7,"豐原葫蘆墩郵局
豐原葫蘆墩郵局",臺中83支,臺中市豐原區豐原大道七段25號,(04)2526-6323,
,429784,014112-1,"神岡岸裡郵局
神岡岸裡郵局",臺中84支,臺中市神岡區中山路49號,(04)2524-7483,
,420785,014113-4,"豐原水源郵局
豐原水源郵局",臺中85支,臺中市豐原區水源路594-2號,(04)2528-0930,
,421786,014114-8002509-3,"后里郵局
后里郵局",臺中86支,臺中市后里區公安路77號,(04)2556-2067,(04)2556-1046
,429787,014115-1,"神岡豐洲郵局
神岡豐洲郵局",臺中87支,臺中市神岡區豐洲路359號,(04)2513-0137,
,421788,014116-5,"后里義里郵局
后里義里郵局",臺中88支,臺中市后里區甲后路一段219號,(04)2556-2330,
,421789,014117-9,"后里月眉郵局
后里月眉郵局",臺中89支,臺中市后里區甲后路二段377號,(04)2556-3324,
,423790,014118-2,"東勢郵局
東勢郵局",臺中90支,臺中市東勢區中山路43號,(04)2587-2701,
,424791,014119-6,"和平谷關郵局
和平谷關郵局",臺中91支,臺中市和平區博愛里東關路一段106號,(04)2595-1124,
,426792,014120-8,"新社中興嶺郵局
新社中興嶺郵局",臺中92支,臺中市新社區中興嶺170-2號,(04)2581-2382,
,424794,014122-5,"和平梨山郵局
和平梨山郵局",臺中94支,臺中市和平區梨山里中正路89號,(04)2598-9334,
,426795,014123-9,"新社郵局
新社郵局",臺中95支,臺中市新社區中和街五段1號,(04)2581-1470,
,420796,014124-2,"豐原鐮村郵局
豐原鐮村郵局",臺中96支,臺中市豐原區鎌村路169號,(04)2536-2138,
,424797,014125-6,"和平郵局
和平郵局",臺中97支,臺中市和平區南勢里東關路三段160-9號,(04)2594-1524,
,427798,014126-0002510-5,"潭子郵局
潭子郵局",臺中98支,臺中市潭子區潭興路三段42號,(04)2532-4660,
,427799,014127-3,"潭子加工區郵局
潭子加工區郵局",臺中99支,臺中市潭子區南二路1-1號,(04)2532-4791,
,427700,014128-7,"潭子頭家厝郵局
潭子頭家厝郵局",臺中100支,臺中市潭子區中山路一段25號,(04)2532-2210,
,427701,014129-1,"潭子東寶郵局
潭子東寶郵局",臺中101支,臺中市潭子區昌平路三段116號,(04)2532-8047,
,427702,014130-2,"潭子栗林郵局
潭子栗林郵局",臺中102支,臺中市潭子區中山路三段334號,(04)2532-3820,
,427703,014131-6,"潭子潭北郵局
潭子潭北郵局",臺中103支,臺中市潭子區潭子街三段55號,(04)2538-3324,
,437704,014132-0002503-1,"大甲郵局
大甲郵局",臺中104支,臺中市大甲區新政路1號,(04)2687-2632,
,439705,014133-3,"大安郵局
大安郵局",臺中105支,臺中市大安區中山南路343號,(04)2671-3192,
,437706,014134-7,"大甲廟口郵局
大甲廟口郵局",臺中106支,臺中市大甲區順天路159號,(04)2687-3624,
,438707,014135-1,"外埔郵局
外埔郵局",臺中107支,臺中市外埔區甲后路三段923號,(04)2683-2341,
,437708,014136-4,"大甲日南郵局
大甲日南郵局",臺中108支,臺中市大甲區中山路二段233號,(04)2681-4259,
,437709,014137-8,"大甲幼獅郵局
大甲幼獅郵局",臺中109支,臺中市大甲區幼獅路45號,(04)2681-4009,
,437710,014138-1,"大甲庄美郵局
大甲庄美郵局",臺中110支,臺中市大甲區經國路768號,(04)2686-8931,
,435711,014139-5002504-5,"臺中港郵局
臺中港郵局",臺中111支,臺中市梧棲區四維路129號,(04)2657-3645,
,433712,014140-7,"沙鹿郵局
沙鹿郵局",臺中112支,臺中市沙鹿區中山路341號,(04)2662-6687,(04)2662-6659
,436713,014141-1,"清水郵局
清水郵局",臺中113支,臺中市清水區中山路124號,(04)2622-7353,(04)2622-2166
,435714,014142-4,"梧棲郵局
梧棲郵局",臺中114支,臺中市梧棲區梧棲路173號,(04)2656-5530,
,434715,014143-8,"龍井郵局
龍井郵局",臺中115支,臺中市龍井區龍新路163號,(04)2635-2294,
,433716,014144-1,"沙鹿鹿寮郵局
沙鹿鹿寮郵局",臺中116支,臺中市沙鹿區中山路584-1號,(04)2662-4294,
,434717,014145-5,"龍井新庄郵局
龍井新庄郵局",臺中117支,臺中市龍井區遊園南路171號,(04)2631-2272,
,434718,014146-9,"龍井茄投郵局
龍井茄投郵局",臺中118支,臺中市龍井區舊車路101之2號,(04)2639-5049,
,433719,014147-2,"靜宜大學郵局
靜宜大學郵局",臺中119支,臺中市沙鹿區臺灣大道七段200號(靜宜大學內),(04)2631-9704,
,436720,014148-6,"清水南社郵局
清水南社郵局",臺中120支,臺中市清水區忠貞路39號,(04)2626-3040,
,436721,014149-0,"清水田寮郵局
清水田寮郵局",臺中121支,臺中市清水區高美路162-14號,(04)2626-4073,
,435723,014151-5,"梧棲大庄郵局
梧棲大庄郵局",臺中123支,臺中市梧棲區中央路一段921-2號,(04)2656-1193,
,432724,014152-9,"大肚郵局
大肚郵局",臺中124支,臺中市大肚區沙田路二段666號,(04)2699-7555,
,432725,014153-2,"大肚追分郵局
大肚追分郵局",臺中125支,臺中市大肚區沙田路一段564-5號,(04)2693-1955,
,432726,014154-6,"大肚蔗廍郵局
大肚蔗廍郵局",臺中126支,臺中市大肚區遊園路二段65、67號,(04)2691-2475,
,434727,014155-0,"龍井龍津郵局
龍井龍津郵局",臺中127支,臺中市龍井區中央路一段246、248號,(04)2630-0493,
,730025,019100-1003502-4,"新營郵局
新營郵局",臺南65支,臺南市新營區中山路126號,(06)632-3613,(06)632-1645
,730008,019101-4,"新營新進路郵局
新營新進路郵局",臺南66支,臺南市新營區新進路316號,(06)632-4501,
,730007,019102-8,"新營民治路郵局
新營民治路郵局",臺南67支,臺南市新營區民治路27-13號,(06)635-0346,(06)632-4502
,736005,019103-1,"柳營郵局
柳營郵局",臺南68支,臺南市柳營區柳營路一段745號,(06)622-0503,
,730009,019104-5,"新營民生郵局
新營民生郵局",臺南69支,臺南市新營區三民路180-3號,(06)633-1565,
,731022,019105-9,"後壁郵局
後壁郵局",臺南70支,臺南市後壁區後壁里後壁1號之15,(06)687-2140,
,731024,019106-2,"後壁菁寮郵局
後壁菁寮郵局",臺南71支,臺南市後壁區菁寮里菁寮79號之1,(06)662-1414,
,737007,019107-6,"鹽水郵局
鹽水郵局",臺南72支,臺南市鹽水區中山路6號,(06)652-1170,
,730022,019108-0,"新營太子宮郵局
新營太子宮郵局",臺南73支,臺南市新營區太北里太子宮9之5號,(06)652-6215,
,731027,019109-3,"後壁安溪寮郵局
後壁安溪寮郵局",臺南74支,臺南市後壁區福安里下寮102-16號,(06)635-4063,
,737008,019110-5,"鹽水茄苳腳郵局
鹽水茄苳腳郵局",臺南75支,臺南市鹽水區忠孝路54號,(06)653-0445,
,735001,019111-9,"下營郵局
下營郵局",臺南76支,臺南市下營區慈惠街129號,(06)689-2042,
,734043,019112-2,"六甲郵局
六甲郵局",臺南77支,臺南市六甲區民生街2號,(06)698-2012,
,732002,019113-6,"白河郵局
白河郵局",臺南78支,臺南市白河區三民路410號,(06)685-2061,
,733014,019114-0,"東山郵局
東山郵局",臺南79支,臺南市東山區東中里新東路1段18號,(06)680-2343,
,732009,019115-3,"白河內角郵局
白河內角郵局",臺南80支,臺南市白河區內角里內角24之1號,(06)681-7214,
,732010,019116-7,"白河仙草埔郵局
白河仙草埔郵局",臺南81支,臺南市白河區仙草里仙草63-1號,(06)685-4354,
,733015,019117-1,"東山東原郵局
東山東原郵局",臺南82支,臺南市東山區東原里前大埔170號,(06)686-2557,
,736004,019118-4,"柳營重溪郵局
柳營重溪郵局",臺南83支,臺南市柳營區重溪里小脚腿12號之4,(06)623-4187,
,735003,019119-8,"下營中營郵局
下營中營郵局",臺南84支,臺南市下營區茅營里中營893號,(06)679-2647,
,712001,019120-0003506-9,"新化郵局
新化郵局",臺南85支,臺南市新化區中正路312號,(06)590-2061,
,743001,019121-3,"山上郵局
山上郵局",臺南86支,臺南市山上區山上里山上250號,(06)578-1024,
,713001,019122-7,"左鎮郵局
左鎮郵局",臺南87支,臺南市左鎮區中正里中正15之3號,(06)573-1035,
,712003,019123-1,"新化中山路郵局
新化中山路郵局",臺南88支,臺南市新化區中山路320號,(06)590-7892,
,714005,019124-4,"玉井郵局
玉井郵局",臺南89支,臺南市玉井區中正路19號,(06)574-2057,
,715002,019125-8,"楠西郵局
楠西郵局",臺南90支,臺南市楠西區東勢路117號,(06)575-1043,
,715004,019126-1,"曾文水庫郵局
曾文水庫郵局",臺南91支,臺南市楠西區密枝里密枝70號(曾文水庫管理局內),(06)575-1965,
,716002,019127-5,"南化郵局
南化郵局",臺南92支,臺南市南化區南化里南化115之11號,(06)577-1161,
,722001,019128-9003507-2,"佳里郵局
佳里郵局",臺南93支,臺南市佳里區延平路375號,(06)721-1837,
,725036,019129-2,"將軍郵局
將軍郵局",臺南94支,臺南市將軍區西甲里西華１之１號,(06)794-2049,
,723023,019130-4,"西港郵局
西港郵局",臺南95支,臺南市西港區中山路351號,(06)795-2186,
,724032,019131-8,"七股郵局
七股郵局",臺南96支,臺南市七股區大埕里大埕296號,(06)787-2241,
,722013,019132-1,"佳里佳里興郵局
佳里佳里興郵局",臺南97支,臺南市佳里區佳興里佳里興492之8號,(06)726-0438,
,722002,019133-5,"佳里中山路郵局
佳里中山路郵局",臺南98支,臺南市佳里區中山路141號,(06)722-1800,
,727008,019134-9,"北門郵局
北門郵局",臺南99支,臺南市北門區北門里舊埕91號,(06)786-2031,
,726001,019135-2,"學甲郵局
學甲郵局",臺南100支,臺南市學甲區中正路318號,(06)783-3378,
,721001,019136-6003508-6,"麻豆郵局
麻豆郵局",臺南101支,臺南市麻豆區新生北路1號1樓,(06)572-2144,
,721012,019137-0,"麻豆總爺郵局
麻豆總爺郵局",臺南102支,臺南市麻豆區南勢里南勢106號,(06)572-4309,
,721001,019138-3,"麻豆新生郵局
麻豆新生郵局",臺南103支,臺南市麻豆區新生北路1號,(06)571-1943,
,741005,019139-7003509-0,"善化郵局
善化郵局",臺南104支,臺南市善化區中正路332號,(06)583-2496,
,742002,019140-9,"大內郵局
大內郵局",臺南105支,臺南市大內區大內里內庄7號之2,(06)576-1080,
,741012,019141-2,"善化成功郵局
善化成功郵局",臺南106支,臺南市善化區成功路41號,(06)585-0747,
,744008,019142-6,"新市大營郵局
新市大營郵局",臺南107支,臺南市新市區大營里大營131之18號、131之19號,(06)589-8310,
,741011,019143-0,"善化溪美郵局
善化溪美郵局",臺南108支,臺南市善化區溪美里溪尾204號,(06)581-7018,
,745001,019144-3,"安定郵局
安定郵局",臺南109支,臺南市安定區安加里安定449號,(06)592-2086,
,744001,019146-1003510-1,"新市郵局
新市郵局",臺南110支,臺南市新市區仁愛街217號,(06)599-3205,
,720001,019147-4,"官田隆田郵局
官田隆田郵局",臺南111支,臺南市官田區勝利路2號,(06)579-1112,
,720008,019149-1,"官田工業區郵局
官田工業區郵局",臺南112支,臺南市官田區二鎮里工業路23號(官田工業區服務中心旁),(06)698-6810,
,744094,019150-3,"新市南科園區郵局
新市南科園區郵局",臺南113支,臺南市新市區南科六路6號,(06)505-2678,
,741002,019151-7,"善化中山路郵局
善化中山路郵局",臺南114支,臺南市善化區中山路371號,(06)581-0779,
,880001,024100-6024500-8,"馬公中正路郵局
馬公中正路郵局",澎湖901支,澎湖縣馬公市中正路70號,(06)927-8738,(06)927-2493
,880009,024101-0,"馬公東文郵局
馬公東文郵局",澎湖1支,澎湖縣馬公市東文里新店路465號1樓,(06)921-5092,
,881002,024102-3,"西嶼郵局
西嶼郵局",澎湖2支,澎湖縣西嶼鄉池東村5鄰小池角212之1號,(06)998-1163,
,882001,024103-7,"望安郵局
望安郵局",澎湖3支,澎湖縣望安鄉東安村1鄰望安4之3號,(06)999-1062,
,883001,024104-1,"七美郵局
七美郵局",澎湖4支,澎湖縣七美鄉海豐村10鄰東崎頭19號,(06)997-1105,
,884002,024105-4,"白沙郵局
白沙郵局",澎湖5支,澎湖縣白沙鄉大赤崁356號,(06)993-1207,
,880008,024106-80245011,"馬公中華路郵局
馬公中華路郵局",澎湖6支,澎湖縣馬公市中華路84號,(06)927-3429,
,885001,024107-1,"湖西郵局
湖西郵局",澎湖7支,澎湖縣湖西鄉湖西村6鄰湖西77之11號,(06)992-1210,
,880025,024108-5,"馬公鎖港郵局
馬公鎖港郵局",澎湖8支,澎湖縣馬公市鎖港里鎖管港1483號,(06)995-1875,
,885001,024109-9,"湖西隘門郵局
湖西隘門郵局",澎湖9支,澎湖縣湖西鄉隘門村1鄰隘門27之1號,(06)921-0050,
,950004,026100-9026500-1,"臺東大同路郵局
臺東大同路郵局",臺東901支,臺東縣臺東市大同路126號,(089)31-1654,(089)32-2030
,952001,026101-2,"蘭嶼郵局
蘭嶼郵局",臺東1支,臺東縣蘭嶼鄉紅頭村紅頭37號,(089)73-1570,
,950237,026102-6,"臺東新生郵局
臺東新生郵局",臺東2支,臺東縣臺東市新生路706號,(089)22-7414,
,951001,026103-0,"綠島郵局
綠島郵局",臺東3支,臺東縣綠島鄉南寮村南寮186號,(089)67-2559,
,950214,026104-3,"臺東中山路郵局
臺東中山路郵局",臺東4支,臺東縣臺東市中山路382號,(089)32-4632,(089)32-5227
,950215,026105-7,"臺東博愛路郵局
臺東博愛路郵局",臺東5支,臺東縣臺東市博愛路135號,(089)32-7404,
,950251,026106-1,"臺東卑南郵局
臺東卑南郵局",臺東6支,臺東縣臺東市更生路1308號,(089)22-3452,
,959001,026107-4,"東河都蘭郵局
東河都蘭郵局",臺東7支,臺東縣東河鄉都蘭村都蘭201號,(089)53-1304,
,953004,026108-8,"延平郵局
延平郵局",臺東8支,臺東縣延平鄉桃源村昇平路30號,(089)56-1207,
,950101,026109-1,"臺東知本郵局
臺東知本郵局",臺東9支,臺東縣臺東市青海路四段370號,(089)51-2543,
,955002,026110-3,"鹿野郵局
鹿野郵局",臺東10支,臺東縣鹿野鄉中華路一段427號,(089)55-1341,
,950261,026111-7,"臺東豐田郵局
臺東豐田郵局",臺東11支,臺東縣臺東市中興路四段615號,(089)38-2520,
,954002,026112-1,"卑南初鹿郵局
卑南初鹿郵局",臺東12支,臺東縣卑南鄉明峰村文泰路12號,(089)57-1326,
,963004,026113-4,"太麻里郵局
太麻里郵局",臺東13支,臺東縣太麻里鄉泰和村太麻里街191號,(089)78-1319,
,963005,026114-8,"金峰金崙郵局
金峰金崙郵局",臺東14支,臺東縣太麻里鄉金崙村金崙323號,(089)77-1056,
,950234,026116-5,"臺東馬蘭郵局
臺東馬蘭郵局",臺東16支,臺東縣臺東市鄭州街3號1樓,(089)33-4708,
,950239,026117-9,"臺東豐榮郵局
臺東豐榮郵局",臺東17支,臺東縣臺東市中華路二段168號,(089)33-7500,
,956001,026118-2,"關山郵局
關山郵局",臺東18支,臺東縣關山鎮中正路25號,(089)81-1116,
,957005,026119-6,"海端郵局
海端郵局",臺東19支,臺東縣海端鄉海端村山界27號,(089)93-1174,
,958004,026120-8,"池上郵局
池上郵局",臺東20支,臺東縣池上鄉中山路201號,(089)86-2071,
,961006,026121-1,"成功郵局
成功郵局",臺東21支,臺東縣成功鎮中華路77號,(089)85-3620,(089)85-1039
,962001,026122-5,"長濱郵局
長濱郵局",臺東22支,臺東縣長濱鄉長濱村中興路16號,(089)83-1011,
,959101,026123-9,"東河泰源郵局
東河泰源郵局",臺東23支,臺東縣東河鄉泰源村本部落246號,(089)89-1421,
,965004,026124-2,"大武郵局
大武郵局",臺東24支,臺東縣大武鄉大武村大武街60號,(089)79-1031,
,966002,026125-6,"達仁郵局
達仁郵局",臺東25支,臺東縣達仁鄉安朔村復興路130號,(089)70-2168,
,955003,026126-0,"鹿野瑞源郵局
鹿野瑞源郵局",臺東26支,臺東縣鹿野鄉瑞源村瑞景路1段388號,(089)58-0152,
,950260,026127-3,"臺東東方大鎮郵局
臺東東方大鎮郵局",臺東27支,臺東縣臺東市中興路2段436號,(089)23-8763,
,320003,028100-1012503-9,"中壢郵局
中壢郵局",桃園44支,桃園市中壢區中美路51號,(03)422-0552,
,320042,028101-5,"中壢普仁郵局
中壢普仁郵局",桃園45支,桃園市中壢區中山東路2段24號,(03)456-1574,
,320027,028102-9012508-7,"中壢內壢郵局
中壢內壢郵局",桃園46支,桃園市中壢區忠勤街25號,(03)455-3541,
,320316,028103-2,"中壢龍東路郵局
中壢龍東路郵局",桃園47支,桃園市中壢區龍東路750號,(03)465-6847,
,320054,028104-6,"中壢龍岡郵局
中壢龍岡郵局",桃園48支,桃園市中壢區龍岡路3段756號,(03)450-3861,
,328010,028105-0,"觀音新坡郵局
觀音新坡郵局",桃園49支,桃園市觀音區大同里新華路2段596號,(03)498-1184,
,324006,028106-3,"平鎮廣明郵局
平鎮廣明郵局",桃園50支,桃園市平鎮區廣明路71.73號1樓,(03)493-7484,
,320031,028107-7,"中壢自立郵局
中壢自立郵局",桃園51支,桃園市中壢區莊敬路856號1樓,(03)463-0701,
,324005,028108-1012509-1,"平鎮郵局
平鎮郵局",桃園52支,桃園市平鎮區延平路2段221號,(03)402-4420,(03)402-4420-13
,320317,028109-4,"中央大學郵局
中央大學郵局",桃園53支,桃園市中壢區中大路300號(國立中央大學內),(03)490-2528,
,328003,028110-6,"觀音郵局
觀音郵局",桃園54支,桃園市觀音區中山路40號,(03)473-2431,
,320028,028111-0,"中壢忠義郵局
中壢忠義郵局",桃園55支,桃園市中壢區中華路1段905、907號,(03)452-2933,
,320314,028112-3,"中原大學郵局
中原大學郵局",桃園56支,桃園市中壢區中北路200號(私立中原大學內),(03)265-7005,
,320007,028113-7,"中壢興國郵局
中壢興國郵局",桃園57支,桃園市中壢區元化路2段126號,(03)422-6254,
,324032,028114-1,"平鎮山仔頂郵局
平鎮山仔頂郵局",桃園58支,桃園市平鎮區中豐路山頂段296號,(03)469-7072,
,320037,028115-4,"中壢華勛郵局
中壢華勛郵局",桃園59支,桃園市中壢區興仁路3段19號,(03)465-4385,
,320060,028116-8,"中壢東興郵局
中壢東興郵局",桃園60支,桃園市中壢區龍岡路1段229號,(03)458-3018,
,324030,028117-1,"平鎮北勢郵局
平鎮北勢郵局",桃園61支,桃園市平鎮區金陵路2段59號,(03)468-2301,
,320052,028118-5,"中壢仁美郵局
中壢仁美郵局",桃園62支,桃園市中壢區龍文街29號,(03)465-7400,
,320023,028119-9,"中壢南園郵局
中壢南園郵局",桃園63支,桃園市中壢區南園二路4號,(03)452-7682,
,320070,028120-1,"中壢頂壢郵局
中壢頂壢郵局",桃園64支,桃園市中壢區榮民路53、55號,(03)455-7254,
,320006,028121-4,"中壢志廣郵局
中壢志廣郵局",桃園65支,桃園市中壢區中央西路2段271、273號,(03)492-0875,
,324030,028122-8,"平鎮金陵郵局
平鎮金陵郵局",桃園66支,桃園市平鎮區金陵路3段235-1、235-2號,(03)457-5041,
,327004,028123-1,"新屋永安郵局
新屋永安郵局",桃園67支,桃園市新屋區中山西路3段222、224號,(03)486-4908,
,328454,028124-5,"觀音工業區郵局
觀音工業區郵局",桃園68支,桃園市觀音區工業五路3號(觀音工業區管理中心內),(03)483-7399,
,327008,028125-9012510-2,"新屋郵局
新屋郵局",桃園69支,桃園市新屋區中山路279號,(03)477-2624,
,320029,028126-2,"中壢環北郵局
中壢環北郵局",桃園70支,桃園市中壢區環北路413號,(03)462-8063,
,324010,028127-6,"平鎮高雙郵局
平鎮高雙郵局",桃園71支,桃園市平鎮區高雙路181號,(03)492-4883,
,320012,028128-0,"中壢大崙郵局
中壢大崙郵局",桃園72支,桃園市中壢區中正路4段85、87號,(03)282-0230,
,324016,028129-3,"平鎮南勢郵局
平鎮南勢郵局",桃園73支,桃園市平鎮區興安路120號,(03)439-5517,
,325012,028130-5012511-6,"龍潭郵局
龍潭郵局",桃園74支,桃園市龍潭區中正路151號,(03)479-2025-13,(03)479-2025-11
,325007,028131-9,"龍潭大平郵局
龍潭大平郵局",桃園75支,桃園市龍潭區龍源路大平段270號,(03)471-2857,
,325006,028132-2,"龍潭石門水庫郵局
龍潭石門水庫郵局",桃園76支,桃園市龍潭區佳安路3號,(03)471-2509,
,325018,028133-6,"桃園客家文化館郵局
桃園客家文化館郵局",桃園77支,桃園市龍潭區中正路三林段500號,(03)470-5904,
,325015,028134-0,"龍潭中興郵局
龍潭中興郵局",桃園78支,桃園市龍潭區中興路280號,(03)479-2837,
,325025,028136-7,"龍潭烏林郵局
龍潭烏林郵局",桃園80支,桃園市龍潭區中豐路508號,(03)479-8278,
,325207,028137-1,"龍潭國原院郵局
龍潭國原院郵局",桃園81支,桃園市龍潭區文化路1000號(國家原子能科技研究院內),(03)471-1537,
,325027,028138-4,"龍潭南龍郵局
龍潭南龍郵局",桃園82支,桃園市龍潭區南龍路70號,(03)470-4059,
,325021,028139-8,"龍潭高原郵局
龍潭高原郵局",桃園83支,桃園市龍潭區中原路1段573號,(03)411-6720,
,326102,028140-0012512-0,"楊梅郵局
楊梅郵局",桃園84支,桃園市楊梅區大平街7號,(03)475-5281,(03)478-2144
,326021,028141-3,"楊梅大同郵局
楊梅大同郵局",桃園85支,桃園市楊梅區新農街610號,(03)475-8624,
,326019,028142-7,"楊梅富岡郵局
楊梅富岡郵局",桃園86支,桃園市楊梅區富岡里中華街48號,(03)472-1475,
,326010,028143-1,"楊梅埔心里郵局
楊梅埔心里郵局",桃園87支,桃園市楊梅區中興路25號,(03)482-2708,
,326013,028144-4,"楊梅幼工郵局
楊梅幼工郵局",桃園88支,桃園市楊梅區獅二路2號(幼獅工業區管理中心內),(03)464-1924,
,328007,028145-8,"觀音草漯郵局
觀音草漯郵局",桃園89支,桃園市觀音區大觀路2段32之1號,(03)483-1280,
,326017,028146-1,"楊梅高榮郵局
楊梅高榮郵局",桃園90支,桃園市楊梅區電研路240號,(03)490-2826,
,326103,028147-5,"楊梅光華郵局
楊梅光華郵局",桃園91支,桃園市楊梅區金德路51號,(03)478-9853,
,326020,028148-9,"楊梅秀才郵局
楊梅秀才郵局",桃園92支,桃園市楊梅區秀才路205號,(03)475-8734,
,326104,028149-2,"楊梅瑞塘郵局
楊梅瑞塘郵局",桃園93支,桃園市楊梅區萬大路116巷46、48、50號1樓,(03)482-9957,
,360009,029100-8029500-0,"苗栗中苗郵局
苗栗中苗郵局",苗栗901支,苗栗縣苗栗市中正路532號,(037)33-4678,(037)32-6304
,362001,029102-5,"頭屋郵局
頭屋郵局",苗栗2支,苗栗縣頭屋鄉尖豐路17號,(037)25-1050,
,360003,029103-9,"苗栗北苗郵局
苗栗北苗郵局",苗栗3支,苗栗縣苗栗市中正路138號,(037)26-4412,
,360012,029104-2,"苗栗南苗郵局
苗栗南苗郵局",苗栗4支,苗栗縣苗栗市中正路961號,(037)32-6064,
,368001,029105-6,"西湖郵局
西湖郵局",苗栗5支,苗栗縣西湖鄉金獅村2鄰金獅11之6號,(037)92-1004,
,360008,029106-0,"苗栗文山郵局
苗栗文山郵局",苗栗6支,苗栗縣苗栗市至公路448號,(037)33-6304,
,360013,029107-3,"苗栗福星郵局
苗栗福星郵局",苗栗7支,苗栗縣苗栗市中華路629號,(037)27-0161,
,360001,029108-7,"苗栗嘉盛郵局
苗栗嘉盛郵局",苗栗8支,苗栗縣苗栗市國華路158號,(037)26-1276,
,363011,029109-1,"公館郵局
公館郵局",苗栗9支,苗栗縣公館鄉大同路115號,(037)22-2933,
,363003,029110-2,"公館鶴岡郵局
公館鶴岡郵局",苗栗10支,苗栗縣公館鄉鶴山村7鄰鶴山239號,(037)22-7796,
,366006,029111-6,"銅鑼郵局
銅鑼郵局",苗栗11支,苗栗縣銅鑼鄉中正路153號,(037)98-1133,
,360006,029112-0,"苗栗府前郵局
苗栗府前郵局",苗栗12支,苗栗縣苗栗市忠孝路119號,(037)32-5631,
,356011,029113-3029503-1,"後龍郵局
後龍郵局",苗栗13支,苗栗縣後龍鎮中華路161號,(037)72-2056,
,357006,029114-7029504-4,"通霄郵局
通霄郵局",苗栗14支,苗栗縣通霄鎮通西里中正路74號,(037)75-2264,
,357001,029115-1,"通霄白沙屯郵局
通霄白沙屯郵局",苗栗15支,苗栗縣通霄鎮白東里20鄰白東142號,(037)79-2976,
,364020,029116-4,"大湖郵局
大湖郵局",苗栗16支,苗栗縣大湖鄉中正路42號,(037)99-1047,
,354009,029117-8,"獅潭郵局
獅潭郵局",苗栗17支,苗栗縣獅潭鄉新店村7鄰新店58之2號,(037)93-1316,
,365008,029118-1,"泰安郵局
泰安郵局",苗栗18支,苗栗縣泰安鄉清安村洗水坑23號,(037)94-1035,
,367005,029119-5,"三義郵局
三義郵局",苗栗19支,苗栗縣三義鄉中正路101號,(037)87-2142,
,358011,029120-7029505-8,"苑裡郵局
苑裡郵局",苗栗20支,苗栗縣苑裡鎮忠勇街15號,(037)86-1075,
,358006,029121-1,"苑裡山腳郵局
苑裡山腳郵局",苗栗21支,苗栗縣苑裡鎮舊社里6鄰舊社63號,(037)74-1514,
,358008,029122-4,"苑裡社苓郵局
苑裡社苓郵局",苗栗22支,苗栗縣苑裡鎮社苓里8鄰社苓90之5號,(037)74-1142,
,350001,029123-8029501-3,"竹南郵局
竹南郵局",苗栗23支,苗栗縣竹南鎮民族街86號,(037)47-2634,
,361029,029124-1,"造橋郵局
造橋郵局",苗栗24支,苗栗縣造橋鄉造橋村平仁路32號,(037)56-2644,
,350002,029125-5,"竹南中港郵局
竹南中港郵局",苗栗25支,苗栗縣竹南鎮中正路244號,(037)46-3654,
,350401,029126-9,"竹南科學園郵局
竹南科學園郵局",苗栗26支,苗栗縣竹南鎮科研路36號1樓101室,(037)67-1644,
,361031,029127-2,"造橋大西郵局
造橋大西郵局",苗栗27支,苗栗縣造橋鄉大西村大西一街98號,(037)54-2644,
,350001,029128-6,"竹南照南郵局
竹南照南郵局",苗栗28支,苗栗縣竹南鎮光復路352號,(037)47-9634,
,351028,029129-0029502-7,"頭份郵局
頭份郵局",苗栗29支,苗栗縣頭份市和平路102號,(037)66-3114,
,351007,029130-1,"頭份斗煥郵局
頭份斗煥郵局",苗栗30支,苗栗縣頭份市中正二路157號,(037)66-8114,
,352020,029131-5,"三灣郵局
三灣郵局",苗栗31支,苗栗縣三灣鄉中正路310號,(037)83-1004,
,351010,029132-9,"頭份田寮郵局
頭份田寮郵局",苗栗32支,苗栗縣頭份市民族路738號,(037)61-2776,
,351006,029133-2,"頭份上公園郵局
頭份上公園郵局",苗栗33支,苗栗縣頭份市中正路221-1號,(037)66-1124,
,353005,029134-6,"南庄郵局
南庄郵局",苗栗34支,苗栗縣南庄鄉中正路202號,(037)82-2067,
,351015,029135-0,"頭份尖山郵局
頭份尖山郵局",苗栗35支,苗栗縣頭份市中華路87號,(037)62-1644,
,351004,029136-3,"頭份蟠桃郵局
頭份蟠桃郵局",苗栗36支,苗栗縣頭份市建國路150號,(037)68-9056,
,369001,029137-7,"卓蘭郵局
卓蘭郵局",苗栗37支,苗栗縣卓蘭鎮中山路133號,(04)2589-2075,
,640010,030100-8030500-0,"斗六西平路郵局
斗六西平路郵局",雲林901支,雲林縣斗六市西平路1號,(05)532-2245,(05)535-1402
,647008,030101-1,"莿桐郵局
莿桐郵局",雲林1支,雲林縣莿桐鄉中山路71號,(05)584-2419,
,640109,030102-5,"斗六大崙郵局
斗六大崙郵局",雲林2支,雲林縣斗六市仁義路89號,(05)522-2884,
,640153,030103-9,"斗六石榴郵局
斗六石榴郵局",雲林3支,雲林縣斗六市榴中里工業路77號,(05)557-3894,
,640008,030104-2,"斗六鎮北郵局
斗六鎮北郵局",雲林4支,雲林縣斗六市慶生路37號,(05)532-5702,
,640005,030105-6,"斗六永安郵局
斗六永安郵局",雲林5支,雲林縣斗六市永安路8號,(05)532-1272,
,647005,030106-0,"莿桐饒平郵局
莿桐饒平郵局",雲林6支,雲林縣莿桐鄉永基路23之7號,(05)571-1045,
,643002,030107-3,"林內郵局
林內郵局",雲林7支,雲林縣林內鄉中正路332號,(05)589-2054,
,646005,030108-7,"古坑郵局
古坑郵局",雲林8支,雲林縣古坑鄉中山路123號,(05)582-1027,
,646003,030109-1,"古坑東和郵局
古坑東和郵局",雲林9支,雲林縣古坑鄉文化路96號,(05)526-1446,
,646009,030110-2,"古坑草嶺郵局
古坑草嶺郵局",雲林10支,雲林縣古坑鄉草嶺村7鄰草嶺37之29號,(05)583-1287,
,630042,030111-6030502-7,"斗南郵局
斗南郵局",雲林11支,雲林縣斗南鎮中山路77號,(05)597-2209,
,631046,030112-0,"大埤郵局
大埤郵局",雲林12支,雲林縣大埤鄉中山路6號,(05)591-2209,
,630048,030113-3,"斗南石龜郵局
斗南石龜郵局",雲林13支,雲林縣斗南鎮中和路54號,(05)597-2464,
,630051,030114-7,"斗南新光郵局
斗南新光郵局",雲林14支,雲林縣斗南鎮光興路78號,(05)597-8740,
,648004,030115-1,"西螺郵局
西螺郵局",雲林15支,雲林縣西螺鎮福興路167-1號,(05)586-2166,
,648104,030116-4,"西螺埔心郵局
西螺埔心郵局",雲林16支,雲林縣西螺鎮埔心路164號,(05)586-0166,
,632003,030117-8030503-1,"虎尾郵局
虎尾郵局",雲林17支,雲林縣虎尾鎮林森路一段495號,(05)633-4310,(05)632-2111
,632002,030118-1,"虎尾圓環郵局
虎尾圓環郵局",雲林18支,雲林縣虎尾鎮光復路387號,(05)632-4204,
,649001,030120-7,"二崙郵局
二崙郵局",雲林20支,雲林縣二崙鄉中山路一段178號,(05)598-2054,
,649105,030121-1,"二崙油車郵局
二崙油車郵局",雲林21支,雲林縣二崙鄉文化路260、262號,(05)598-9082,
,632301,030122-4,"虎尾科技大學郵局
虎尾科技大學郵局",雲林22支,雲林縣虎尾鎮文化路64號,(05)632-6035,
,633101,030123-8,"土庫郵局
土庫郵局",雲林23支,雲林縣土庫鎮大同路65號,(05)662-2718,
,633102,030124-1,"土庫馬光郵局
土庫馬光郵局",雲林24支,雲林縣土庫鎮馬光路177-5號,(05)665-2193,
,637001,030125-5,"崙背郵局
崙背郵局",雲林25支,雲林縣崙背鄉民主路5號,(05)696-2074,
,638001,030126-9030504-4,"麥寮郵局
麥寮郵局",雲林26支,雲林縣麥寮鄉光復路24號,(05)693-2054,
,636001,030127-2,"臺西郵局
臺西郵局",雲林27支,雲林縣臺西鄉中山路161號,(05)698-2048,
,634001,030128-6,"褒忠郵局
褒忠郵局",雲林28支,雲林縣褒忠鄉三民路44號,(05)697-2043,
,635001,030129-0,"東勢厝郵局
東勢厝郵局",雲林29支,雲林縣東勢鄉東南村東勢西路32號,(05)699-1004,
,638501,030130-1,"麥寮工業區郵局
麥寮工業區郵局",雲林30支,雲林縣麥寮鄉台塑工業園區1號,(05)681-2680,
,638401,030131-5,"麥寮橋頭郵局
麥寮橋頭郵局",雲林31支,雲林縣麥寮鄉橋頭村仁德路96-1號,(05)691-5930,
,651004,030132-9030501-3,"北港郵局
北港郵局",雲林32支,雲林縣北港鎮文化路54號,(05)783-2229,
,651001,030134-6,"北港北辰郵局
北港北辰郵局",雲林34支,雲林縣北港鎮民有路26號,(05)783-6643,
,652006,030135-0,"水林郵局
水林郵局",雲林35支,雲林縣水林鄉水林路10號,(05)785-2604,
,653001,030136-3,"口湖郵局
口湖郵局",雲林36支,雲林縣口湖鄉湖東村廟前街26號,(05)789-2042,
,653002,030137-7,"口湖椬梧郵局
口湖椬梧郵局",雲林37支,雲林縣口湖鄉光明路36號,(05)790-7002,
,654011,030138-1,"四湖郵局
四湖郵局",雲林38支,雲林縣四湖鄉中正路347號,(05)787-2045,
,655011,030139-4,"元長郵局
元長郵局",雲林39支,雲林縣元長鄉仁愛街3號,(05)788-2054,
,220013,031100-4031500-6,"板橋文化路郵局
板橋文化路郵局",板橋901支,新北市板橋區文化路1段395號,(02)2259-8788,
,220093,031101-8,"板橋大觀路郵局
板橋大觀路郵局",板橋1支,新北市板橋區大觀路1段47號,(02)2967-7792,(02)2967-8524
,236033,031102-1031503-7,"土城郵局
土城郵局",板橋2支,新北市土城區中央路2段160號,(02)2260-1258,(02)2262-6351
,220068,031103-5,"板橋後埔郵局
板橋後埔郵局",板橋3支,新北市板橋區實踐路128號,(02)2956-7536,(02)2961-0578
,220089,031104-9,"板橋埔墘郵局
板橋埔墘郵局",板橋4支,新北市板橋區中山路2段109號,(02)2961-9785,
,220005,031106-6,"板橋莒光郵局
板橋莒光郵局",板橋6支,新北市板橋區莒光路213號,(02)2251-6574,(02)2250-1955
,220052,031107-0,"板橋站前郵局
板橋站前郵局",板橋7支,新北市板橋區府中路16號,(02)2969-9837,(02)2968-6876
,220071,031108-3,"板橋民族路郵局
板橋民族路郵局",板橋8支,新北市板橋區民族路263號,(02)2952-6805,(02)2958-5297
,220048,031109-7,"板橋中正路郵局
板橋中正路郵局",板橋9支,新北市板橋區中正路35號,(02)2967-6806,(02)2960-6245
,236043,031110-9,"土城工業區郵局
土城工業區郵局",板橋10支,新北市土城區三民路4號,(02)2268-6014,(02)2267-7400
,220054,031112-6,"板橋南雅郵局
板橋南雅郵局",板橋12支,新北市板橋區南雅南路1段123號,(02)2966-4716,
,236013,031113-0,"土城清水郵局
土城清水郵局",板橋13支,新北市土城區青雲路228、230號,(02)2261-2430,(02)2260-2989
,220062,031114-3031501-0,"板橋國慶郵局
板橋國慶郵局",板橋14支,新北市板橋區國慶路132號,(02)2964-5842,(02)2958-0350
,220811,031115-7,"板橋新海郵局
板橋新海郵局",板橋15支,新北市板橋區裕民街135號,(02)2256-7944,
,220608,031116-1,"板橋八甲郵局
板橋八甲郵局",板橋16支,新北市板橋區四川路2段123號1樓,(02)8967-2293,(02)8966-2716
,220081,031117-4,"板橋光復橋郵局
板橋光復橋郵局",板橋17支,新北市板橋區中山路二段422-13號,(02)2963-0620,
,220075,031118-8,"板橋海山郵局
板橋海山郵局",板橋18支,新北市板橋區漢生東路171號,(02)2955-5800,(02)8951-9786
,220519,031119-1,"板橋港尾郵局
板橋港尾郵局",板橋19支,新北市板橋區中正路332號,(02)2968-9213,
,236027,031120-3,"土城貨饒郵局
土城貨饒郵局",板橋20支,新北市土城區中央路1段240號,(02)2261-9029,
,220021,031121-7,"板橋江翠郵局
板橋江翠郵局",板橋21支,新北市板橋區仁化街40-1號,(02)2253-4928,(02)2250-2481
,220042,031123-4,"板橋漢生郵局
板橋漢生郵局",板橋23支,新北市板橋區國光路205號,(02)2256-1119,
,220756,031124-8,"板橋三民路郵局
板橋三民路郵局",板橋24支,新北市板橋區三民路1段120號,(02)2951-8120,
,220099,031126-5,"板橋浮洲郵局
板橋浮洲郵局",板橋26支,新北市板橋區大觀路2段313號,(02)2969-7993,
,236202,031127-9,"土城青雲郵局
土城青雲郵局",板橋27支,新北市土城區金城路2段249號(地方法院內),(02)2266-7380,
,236620,031128-2,"土城平和郵局
土城平和郵局",板橋28支,新北市土城區金城路3段185號,(02)2265-9556,(02)2266-8983
,236671,031129-6,"土城學府郵局
土城學府郵局",板橋29支,新北市土城區明德路2段58號,(02)8262-1088,(02)2260-3413
,220242,031130-8,"新北市政府郵局
新北市政府郵局",板橋30支,新北市板橋區中山路1段161號B1(新北市政府內),(02)8964-5399,
,220101,031131-1,"板橋溪崑郵局
板橋溪崑郵局",板橋31支,新北市板橋區金門街278號,(02)2687-1194,
,237006,031132-5031504-1,"三峽郵局
三峽郵局",板橋32支,新北市三峽區民生街66號,(02)2672-1173,(02)2671-1054
,237007,031133-9,"三峽大埔郵局
三峽大埔郵局",板橋33支,新北市三峽區中正路2段269號,(02)2671-1198,
,237011,031134-2,"三峽中山郵局
三峽中山郵局",板橋34支,新北市三峽區中山路11號,(02)2671-1295,
,237008,031135-6,"三峽橫溪郵局
三峽橫溪郵局",板橋35支,新北市三峽區介壽路3段47號,(02)8676-5048,
,237303,031136-0,"臺北大學郵局
臺北大學郵局",板橋36支,新北市三峽區大學路151號(臺北大學內),(02)2671-9315,
,239001,031137-3031505-4,"鶯歌郵局
鶯歌郵局",板橋37支,新北市鶯歌區中正一路47號,(02)2679-2330,(02)2670-3330
,239014,031138-7,"鶯歌鳳鳴郵局
鶯歌鳳鳴郵局",板橋38支,新北市鶯歌區鶯桃路2段60號,(02)2679-4155,
,239016,031139-1,"鶯歌二橋郵局
鶯歌二橋郵局",板橋39支,新北市鶯歌區中正3路208之4號,(02)2679-6540,
,239011,031140-2,"鶯歌永昌郵局
鶯歌永昌郵局",板橋40支,新北市鶯歌區鶯桃路135巷1號,(02)2678-3133,
,231008,031141-6031502-3,"新店郵局
新店郵局",板橋41支,新北市新店區北新路2段177號,(02)2911-1249,(02)2913-3884
,231052,031142-0,"新店頂城郵局
新店頂城郵局",板橋42支,新北市新店區安康路1段50-1號,(02)2211-8791,
,231073,031143-3,"新店龜山郵局
新店龜山郵局",板橋43支,新北市新店區新烏路2段392、394號,(02)2666-7584,
,231042,031144-7,"新店五城郵局
新店五城郵局",板橋44支,新北市新店區錦秀路5號,(02)2214-2424,
,231007,031145-1,"新店大坪林郵局
新店大坪林郵局",板橋45支,新北市新店區北新路3段116號,(02)2911-2892,(02)2918-9045
,231041,031146-4,"新店青潭郵局
新店青潭郵局",板橋46支,新北市新店區郵政路1號,(02)2217-1465,
,231068,031147-8,"新店公崙郵局
新店公崙郵局",板橋47支,新北市新店區安康路2段179號,(02)2211-7431,
,231031,031148-1,"新店檳榔路郵局
新店檳榔路郵局",板橋48支,新北市新店區北新路1段273號,(02)2911-4400,(02)2913-6997
,231036,031149-5,"新店復興郵局
新店復興郵局",板橋49支,新北市新店區復興路30號,(02)2911-5002,
,231015,031150-7,"新店中央郵局
新店中央郵局",板橋50支,新北市新店區中央路232號,(02)2219-5162,
,232001,031151-1,"坪林郵局
坪林郵局",板橋51支,新北市坪林區北宜路8段282號,(02)2665-6214,
,231031,031152-4031506-8,"新店中正郵局
新店中正郵局",板橋52支,新北市新店區中正路253號,(02)2915-0640,(02)2912-4736
,231706,031153-8,"新店寶橋郵局
新店寶橋郵局",板橋53支,新北市新店區寶中路94-2號1樓,(02)2914-4585,
,231679,031154-1,"新店十四份郵局
新店十四份郵局",板橋54支,新北市新店區安民街206號,(02)2211-2584,
,233001,031155-5,"烏來郵局
烏來郵局",板橋55支,新北市烏來區烏來里溫泉街69號,(02)2661-6303,
,231057,031156-9,"新店永安郵局
新店永安郵局",板橋56支,新北市新店區安和路3段57號,(02)2944-2541,
,231059,031157-2,"新店雙城郵局
新店雙城郵局",板橋57支,新北市新店區安康路3段47號,(02)2215-7065,(02)2214-0193
,231039,031158-6,"新店碧潭郵局
新店碧潭郵局",板橋58支,新北市新店區北宜路1段47號,(02)2911-1564,
,231239,031159-0,"新店屈尺郵局
新店屈尺郵局",板橋59支,新北市新店區屈尺路64號,(02)2666-8950,
,231613,031160-1,"新店水尾郵局
新店水尾郵局",板橋60支,新北市新店區中正路493之5號,(02)2218-0146,
,231022,031161-5,"新店五峰郵局
新店五峰郵局",板橋61支,新北市新店區中正路35號,(02)2916-0300,
,231209,031162-9,"新店中華路郵局
新店中華路郵局",板橋62支,新北市新店區中華路74號(法務部調查局內),(02)2912-0115,
,231043,031163-2,"新店玫瑰城郵局
新店玫瑰城郵局",板橋63支,新北市新店區如意街112號,(02)2214-0502,
,234016,031164-6031507-1,"永和郵局
永和郵局",板橋64支,新北市永和區中興街1號,(02)2232-9702,(02)2232-9700
,234028,031165-0,"永和福和郵局
永和福和郵局",板橋65支,新北市永和區福和路154、156號,(02)8928-9702,(02)8928-1732
,234014,031166-3,"永和永貞郵局
永和永貞郵局",板橋66支,新北市永和區自由街53號,(02)2923-3714,
,234622,031167-7,"永和中正路郵局
永和中正路郵局",板橋67支,新北市永和區中正路91號,(02)8943-3227,(02)8943-3230
,234035,031168-1,"永和秀朗郵局
永和秀朗郵局",板橋68支,新北市永和區永亨路178號,(02)8660-8859,(02)8660-8873
,234017,031169-4,"永和中山路郵局
永和中山路郵局",板橋69支,新北市永和區中山路1段249、251號,(02)2929-2695,
,235017,031171-0031508-5,"中和郵局
中和郵局",板橋71支,新北市中和區民樂路17號,(02)2222-4804,
,235070,031172-3,"中和泰和街郵局
中和泰和街郵局",板橋72支,新北市中和區泰和街6號,(02)2249-3114,(02)2249-3550
,235026,031173-7,"中和中山路郵局
中和中山路郵局",板橋73支,新北市中和區中山路2段362號,(02)2240-0278,
,235056,031174-1,"中和南勢角郵局
中和南勢角郵局",板橋74支,新北市中和區景新街442號,(02)2942-1652,(02)2949-9308
,235038,031175-4,"中和連城路郵局
中和連城路郵局",板橋75支,新北市中和區連城路192-1號,(02)2249-4358,
,235603,031176-8,"中和中正路郵局
中和中正路郵局",板橋76支,新北市中和區中正路277號1樓,(02)2245-5356,
,235081,031177-1,"中和秀山郵局
中和秀山郵局",板橋77支,新北市中和區自立路147號,(02)2946-5278,
,235601,031178-5,"中和民富街郵局
中和民富街郵局",板橋78支,新北市中和區中山路3段110號,(02)2225-0253,
,235071,031179-9,"中和宜安郵局
中和宜安郵局",板橋79支,新北市中和區宜安路99號,(02)2941-4979,
,235012,031180-1,"中和國光街郵局
中和國光街郵局",板橋80支,新北市中和區國光街159號1樓,(02)2953-0456,
,235046,031181-4,"中和大華郵局
中和大華郵局",板橋81支,新北市中和區中興街132號,(02)2245-4264,
,238001,031182-8031509-9,"樹林郵局
樹林郵局",板橋82支,新北市樹林區保安街1段325號,(02)2681-2148,
,238037,031183-1,"樹林山佳郵局
樹林山佳郵局",板橋83支,新北市樹林區佳園路1段28號,(02)2680-7719,
,238027,031184-5,"樹林迴龍郵局
樹林迴龍郵局",板橋84支,新北市樹林區中正路708號,(02)2689-2417,(02)2689-3380
,238005,031185-9,"樹林鎮前街郵局
樹林鎮前街郵局",板橋85支,新北市樹林區鎮前街25號,(02)2681-3381,(02)2683-2883
,238008,031186-2,"樹林育英街郵局
樹林育英街郵局",板橋86支,新北市樹林區育英街36號,(02)2681-2832,(02)2686-2173
,238014,031187-6,"樹林柑園郵局
樹林柑園郵局",板橋87支,新北市樹林區佳園路3段47號,(02)2680-2825,
,238007,031188-0,"樹林樹新路郵局
樹林樹新路郵局",板橋88支,新北市樹林區樹新路229號,(02)2682-5921,
,238021,031190-5,"樹林大同郵局
樹林大同郵局",板橋90支,新北市樹林區中華路134、136號,(02)8685-6838,(02)8685-1377
,238035,031191-9,"樹林三多郵局
樹林三多郵局",板橋91支,新北市樹林區三福街70巷1號,(02)2676-1408,
,235058,031192-2,"中和興南郵局
中和興南郵局",板橋92支,新北市中和區南山路320巷7號,(02)8943-1756,
,540018,040100-5040500-7,"南投三和郵局
南投三和郵局",南投901支,南投縣南投市三和二路30號,(049)222-0162-231,(049)222-0162-222
,541016,040101-9,"中寮郵局
中寮郵局",南投1支,南投縣中寮鄉永平路133號,(049)269-1082,
,540028,040103-6,"南投南崗郵局
南投南崗郵局",南投3支,南投縣南投市成功三路136-1號,(049)225-2784,
,541014,040104-0,"中寮龍安郵局
中寮龍安郵局",南投4支,南投縣中寮鄉龍南路45-12號,(049)260-1519,
,540019,040105-3,"南投民族路郵局
南投民族路郵局",南投5支,南投縣南投市民族路91、93號,(049)223-5163,
,540018,040106-7,"南投中山街郵局
南投中山街郵局",南投6支,南投縣南投市中山街259號,(049)222-2162,
,540003,040107-1,"南投中興郵局
南投中興郵局",南投7支,南投縣南投市中學路4號,(049)233-2852,
,540003,040108-4,"南投光明里郵局
南投光明里郵局",南投8支,南投縣南投市中正路648號,(049)233-7516,
,552001,040109-8,"集集郵局
集集郵局",南投9支,南投縣集集鎮民生路110-1號,(049)276-2527,
,542001,040110-0040501-1,"草屯郵局
草屯郵局",南投10支,南投縣草屯鎮中正路606號,(049)233-3461,
,542001,040111-3,"草屯大觀郵局
草屯大觀郵局",南投11支,南投縣草屯鎮中正路606號,(049)233-0214,
,542006,040112-7,"草屯碧山郵局
草屯碧山郵局",南投12支,南投縣草屯鎮碧山南路20、22號,(049)231-3135,
,553008,040113-1040504-1,"水里郵局
水里郵局",南投13支,南投縣水里鄉中富街28號,(049)277-0132,
,553007,040114-4,"水里北埔郵局
水里北埔郵局",南投14支,南投縣水里鄉民生路167號,(049)277-0951,
,556001,040115-8,"信義郵局
信義郵局",南投15支,南投縣信義鄉玉山路44號,(049)279-1257,
,556003,040116-1,"信義和社郵局
信義和社郵局",南投16支,南投縣信義鄉同和巷72-7號,(049)270-1172,
,551001,040117-5040505-5,"名間郵局
名間郵局",南投17支,南投縣名間鄉南雅街65號,(049)273-2040,
,551004,040118-9,"名間松嶺郵局
名間松嶺郵局",南投18支,南投縣名間鄉名松路二段212號,(049)258-1453,
,551006,040119-2,"名間新街郵局
名間新街郵局",南投19支,南投縣名間鄉彰南路405-5號,(049)223-2305,
,551011,040120-4,"名間大庄郵局
名間大庄郵局",南投20支,"南投縣名間鄉南田路140,140-1號",(049)227-1184,
,542023,040121-8,"草屯南埔郵局
草屯南埔郵局",南投21支,南投縣草屯鎮中正路286-5號。,(049)256-9991,
,557004,040122-1040502-4,"竹山郵局
竹山郵局",南投22支,南投縣竹山鎮前山路一段2號,(049)264-2076,
,558003,040123-5,"鹿谷郵局
鹿谷郵局",南投23支,南投縣鹿谷鄉中正路二段115號,(049)275-2434,
,557019,040124-9,"竹山後埔郵局
竹山後埔郵局",南投24支,南投縣竹山鎮集山路一段1234號,(049)262-2080,
,557022,040125-2,"竹山東埔蚋郵局
竹山東埔蚋郵局",南投25支,南投縣竹山鎮集山路三段99號,(049)264-8462,
,552001,040127-0,"鹿谷清水郵局
鹿谷清水郵局",南投27支,南投縣集集鎮民生路110-1號,(049)276-2527,
,545003,040128-3040503-8,"埔里郵局
埔里郵局",南投28支,南投縣埔里鎮南昌街284號,(049)298-2124-9,(049)298-2124-13
,546001,040129-7,"仁愛霧社郵局
仁愛霧社郵局",南投29支,南投縣仁愛鄉仁和路83號,(049)280-2246,
,545015,040130-9,"埔里北平街郵局
埔里北平街郵局",南投30支,南投縣埔里鎮北平街131號,(049)298-4374,
,545011,040131-2,"埔里崎下郵局
埔里崎下郵局",南投31支,南投縣埔里鎮中山路三段648號,(049)291-5224,
,546010,040132-6,"仁愛萬大郵局
仁愛萬大郵局",南投32支,南投縣仁愛鄉大安路38號,(049)297-4133,
,545019,040133-0,"埔里大坪頂郵局
埔里大坪頂郵局",南投33支,南投縣埔里鎮西安路3段249巷2號,(049)293-2846,
,545016,040134-3,"埔里第三市場郵局
埔里第三市場郵局",南投34支,南投縣埔里鎮東榮路77號,(049)298-9320,
,545014,040135-7,"埔里中心碑郵局
埔里中心碑郵局",南投35支,南投縣埔里鎮和平東路490號,(049)298-9848,
,545003,040136-1,"埔里南光郵局
埔里南光郵局",南投36支,南投縣埔里鎮中正路265號,(049)298-6494,
,555007,040137-4,"魚池郵局
魚池郵局",南投37支,南投縣魚池鄉魚池街364號,(049)289-5546,
,555009,040138-8,"日月潭郵局
日月潭郵局",南投38支,南投縣魚池鄉名勝街36號,(049)285-5154,
,555006,040139-1,"魚池頭社郵局
魚池頭社郵局",南投39支,南投縣魚池鄉集里路4號,(049)286-1142,
,544008,040140-3,"國姓郵局
國姓郵局",南投40支,南投縣國姓鄉中興路303號,(049)272-4543,(049)272-1017
,544005,040141-7,"國姓北山郵局
國姓北山郵局",南投41支,南投縣國姓鄉中正路四段168號,(049)245-1432,
,544002,040142-1,"國姓長流郵局
國姓長流郵局",南投42支,南投縣國姓鄉大長路345-1號,(049)243-1187,
,241040,244100-7244500-9,"三重中山路郵局
三重中山路郵局",三重901支,新北市三重區新北大道一段17號,(02)2988-2775-120,(02)2988-2775-110
,241003,244101-1,"三重正義郵局
三重正義郵局",三重1支,新北市三重區正義南路10號,(02)2972-2005,
,241036,244102-4,"三重忠孝路郵局
三重忠孝路郵局",三重2支,新北市三重區忠孝路一段6之2號,(02)2980-0119,
,241552,244103-8,"三重二重埔郵局
三重二重埔郵局",三重3支,新北市三重區光復路一段140號,(02)2995-0040,
,241080,244104-1,"三重溪尾街郵局
三重溪尾街郵局",三重4支,新北市三重區溪尾街112號,(02)2287-8272,
,241507,244105-5,"三重中興橋郵局
三重中興橋郵局",三重5支,新北市三重區成功路52-2號,(02)2978-6455,
,241567,244106-9,"三重中正路郵局
三重中正路郵局",三重6支,新北市三重區三民街213號,(02)2989-8903,
,241051,244107-2,"三重介壽路郵局
三重介壽路郵局",三重7支,新北市三重區介壽路5號,(02)2976-2385,
,241001,244109-0,"三重永興郵局
三重永興郵局",三重9支,新北市三重區重新路一段52號,(02)8972-6999,
,241077,244110-1,"三重五常郵局
三重五常郵局",三重10支,新北市三重區仁義街168號,(02)8985-0166,
,244006,244111-5,"林口中正路郵局
林口中正路郵局",三重11支,新北市林口區中山路97巷10號2樓,(02)2601-1016,
,244014,244112-9,"林口台師大郵局
林口台師大郵局",三重12支,新北市林口區仁愛路一段2號(國立臺灣師範大學林口校區),(02)2601-8293,
,244007,244113-2,"林口國宅郵局
林口國宅郵局",三重13支,新北市林口區麗園一街6巷1號1F之1,(02)2609-9141,
,244020,244114-6,"林口中湖頭郵局
林口中湖頭郵局",三重14支,新北市林口區中山路683、685號,(02)2602-1606,
,247010,244115-0244502-6,"蘆洲郵局
蘆洲郵局",三重15支,新北市蘆洲區三民路97號,(02)2282-1162-101,(02)2282-1162-201
,247031,244116-3,"蘆洲空大郵局
蘆洲空大郵局",三重16支,新北市蘆洲區中正路172號(國立空中大學內),(02)2281-5284,
,247019,244117-7,"蘆洲中山路郵局
蘆洲中山路郵局",三重17支,新北市蘆洲區中山一路37號,(02)2281-7374,
,247028,244118-1,"蘆洲光華路郵局
蘆洲光華路郵局",三重18支,新北市蘆洲區光華路108號,(02)2281-5221,
,247023,244119-4,"蘆洲中原路郵局
蘆洲中原路郵局",三重19支,新北市蘆洲區長安街225號,(02)2285-3560,
,247003,244120-6,"蘆洲民族路郵局
蘆洲民族路郵局",三重20支,新北市蘆洲區民族路271號1樓,(02)2288-6362,
,248001,244121-0244503-0,"五股郵局
五股郵局",三重21支,新北市五股區成泰路三段541號,(02)8295-1026-101,(02)8295-1026-111
,248012,244122-3,"五股褒仔寮郵局
五股褒仔寮郵局",三重22支,新北市五股區中興路一段5號,(02)2988-7489,
,248013,244123-7,"五股中興路郵局
五股中興路郵局",三重23支,新北市五股區中興路四段48巷15號,(02)2291-7490,
,249002,244125-4,"八里郵局
八里郵局",三重25支,新北市八里區訊塘路13號,(02)2610-2045,
,249007,244126-8,"八里龍形郵局
八里龍形郵局",三重26支,新北市八里區龍形二街7號,(02)2618-6468,
,251018,244127-1244504-3,"淡水郵局
淡水郵局",三重27支,新北市淡水區中正路203號,(02)2621-2054,
,251301,244128-5,"淡江大學郵局
淡江大學郵局",三重28支,新北市淡水區英專路151號(淡江大學內),(02)2622-6674,
,251033,244129-9,"淡水竹圍郵局
淡水竹圍郵局",三重29支,新北市淡水區民權路75號,(02)2809-7051,
,251016,244130-1,"淡水水碓郵局
淡水水碓郵局",三重30支,新北市淡水區大忠街9、11號,(02)2622-1053,
,251002,244131-4,"淡水中興郵局
淡水中興郵局",三重31支,新北市淡水區學府路29、31、33號,(02)2622-3820,
,251201,244132-8,"淡水崁頂郵局
淡水崁頂郵局",三重32支,新北市淡水區中山北路二段375號,(02)2622-6316,
,252006,244133-1,"三芝郵局
三芝郵局",三重33支,新北市三芝區淡金路二段17號,(02)2636-2040,
,253001,244134-5,"石門郵局
石門郵局",三重34支,新北市石門區中山路80號,(02)2638-1210,
,251030,244135-9,"淡水紅樹林郵局
淡水紅樹林郵局",三重35支,新北市淡水區中正東路二段61號,(02)8809-7357,
,242008,244136-2244501-2,"新莊郵局
新莊郵局",三重36支,新北市新莊區中正路265號,(02)2992-1622-101,(02)2992-1622-120
,242062,244137-6,"輔仁大學郵局
輔仁大學郵局",三重37支,新北市新莊區中正路510號(輔仁大學內),(02)2902-2448,
,243094,244138-0,"泰山郵局
泰山郵局",三重38支,新北市泰山區楓江路10號,(02)2909-7881,
,243303,244139-3,"明志科大郵局
明志科大郵局",三重39支,新北市泰山區工專路84號(明志科技大學內),(02)2902-1886,
,242044,244140-5,"新莊中港郵局
新莊中港郵局",三重40支,新北市新莊區復興路二段22號,(02)2992-2786,
,242018,244141-9,"新莊昌盛郵局
新莊昌盛郵局",三重41支,新北市新莊區中華路二段160號,(02)2276-2561,
,242060,244142-2,"新莊丹鳳郵局
新莊丹鳳郵局",三重42支,新北市新莊區明志路15號,(02)2901-9378,
,242040,244143-6,"新莊化成路郵局
新莊化成路郵局",三重43支,新北市新莊區化成路87號,(02)2991-4718,
,242023,244144-0,"新莊幸福郵局
新莊幸福郵局",三重44支,新北市新莊區幸福路723號,(02)2996-0981,
,243089,244145-3,"泰山南林郵局
泰山南林郵局",三重45支,新北市泰山區南林路93號,(02)2901-9567,
,248023,244146-7,"五股登林路郵局
五股登林路郵局",三重46支,新北市五股區登林路76之10號,(02)2292-9579,
,243086,244147-1,"泰山同榮郵局
泰山同榮郵局",三重47支,新北市泰山區明志路一段510、512號,(02)2909-6655,
,242065,244148-4,"新莊西盛郵局
新莊西盛郵局",三重48支,新北市新莊區新樹路457號,(02)2204-7137,
,242056,244149-8,"新莊後港路郵局
新莊後港路郵局",三重49支,新北市新莊區後港一路34、36號,(02)2204-2640,
,242034,244150-0,"新莊思源路郵局
新莊思源路郵局",三重50支,新北市新莊區思源路402號,(02)2992-2649,
,242006,244151-3,"新莊新泰路郵局
新莊新泰路郵局",三重51支,新北市新莊區新泰路333號,(02)2996-3926,
,242052,244152-7,"新莊龍鳳郵局
新莊龍鳳郵局",三重52支,新北市新莊區中正路740-2號,(02)2907-1496,
,248019,244153-1,"新莊五工郵局
新莊五工郵局",三重53支,新北市新莊區五工三路50巷2號,(02)2298-0293,
,243088,244154-4,"泰山貴子路郵局
泰山貴子路郵局",三重54支,新北市泰山區明志路三段85號,(02)2908-9174,
,242080,244155-8,"新莊民安郵局
新莊民安郵局",三重55支,新北市新莊區民安西路85號,(02)2203-7653,
,244008,244156-1244505-7,"林口郵局
林口郵局",三重56支,新北市林口區文化二路一段8號,(02)2608-5028,
,242204,244157-5,"新莊副都心郵局
新莊副都心郵局",三重57支,新北市新莊區中平路439號北棟1樓,(02)8522-1550,
